_id,url,title,image_url,specifications.battery_size,specifications.camera_resolution,specifications.colors[0],specifications.colors[1],specifications.colors[2],specifications.colors[3],specifications.colors[4],specifications.display_size,specifications.platform.chipset,specifications.platform.gpu,specifications.prices[0].amount,specifications.prices[0].currency,specifications.prices[0].variant,specifications.prices[0].link,specifications.ram,product_type,specifications.ram[0]
66f91f2af50d7cab4b2c3c60,https://www.gsmarena.com/samsung_galaxy_s_ii_skyrocket_hd_i757-4414.php,Samsung Galaxy S II Skyrocket HD I757,https://fdn2.gsmarena.com/vv/bigpic/samsung-galaxy-s-ii-skyrocket-hd-new.jpg,NaN,8,Black,,,,,4.65,,,,,,,1,phone,
66f91f2af50d7cab4b2c3c87,https://www.gsmarena.com/samsung_galaxy_s_ii_x_t989d-4468.php,Samsung Galaxy S II X T989D,https://fdn2.gsmarena.com/vv/bigpic/samsung-galaxy-s-x-t989d.jpg,NaN,8,Black,,,,,4.52,Qualcomm APQ8060 Snapdragon S3,Adreno 220,,,,,1,phone,
66f91f2af50d7cab4b2c3c96,https://www.gsmarena.com/samsung_galaxy_q_t589r-3437.php,Samsung Galaxy Q T589R,https://fdn2.gsmarena.com/vv/bigpic/samsung-galaxy-q.jpg,NaN,3,Black,,,,,3.2,,,,,,,,phone,
66f91f2af50d7cab4b2c3ca5,https://www.gsmarena.com/samsung_c414-4056.php,Samsung C414,https://fdn2.gsmarena.com/vv/bigpic/samsung-c414.jpg,NaN,2,Black,,,,,2.2,,,,,,,,phone,
66f91f2af50d7cab4b2c3d95,https://www.gsmarena.com/motorola_g_pure-11145.php,Motorola G Pure,https://fdn2.gsmarena.com/vv/bigpic/motorola-moto-g-pure.jpg,4000,13,Deep Indigo,,,,,6.5,Mediatek MT6762G Helio G25 (12 nm),PowerVR GE8320,56.94,$,32GB 3GB RAM,https://www.amazon.com/dp/B09NWD62HR?tag=gsmarena093-20&linkCode=osi&th=1&psc=1,3,phone,
66f91f2af50d7cab4b2c3aa0,https://www.gsmarena.com/samsung_galaxy_xcover_pro-10001.php,Samsung Galaxy XCover Pro,https://fdn2.gsmarena.com/vv/bigpic/samsung-galaxy-xcover-pro-.jpg,4050,25,Black,,,,,6.3,Exynos 9611 (10 nm),Mali-G72 MP3,59.87,$,64GB 4GB RAM,https://www.amazon.com/dp/B09YGJ4H8Q?tag=gsmarena093-20&linkCode=osi&th=1&psc=1,4,phone,
66f91f2af50d7cab4b2c3a1d,https://www.gsmarena.com/samsung_galaxy_a14_5g-12004.php,Samsung Galaxy A14 5G,https://fdn2.gsmarena.com/vv/bigpic/samsung-galaxy-a14-5g.jpg,5000,50,Black,Light Green,Dark Red,Silver,,6.6,Exynos 1330 (5 nm) - SM-A146BMediatek Dimensity 700 (7 nm) - SM-A146P,Mali-G68 MP2 - SM-A146BMali-G57 MC2 - SM-A146P,65.97,$,64GB 4GB RAM,https://www.amazon.com/dp/B0CPRL35SC?tag=gsmarena093-20&linkCode=osi&th=1&psc=1,,phone,4
66f91f2af50d7cab4b2c3a6f,https://www.gsmarena.com/samsung_galaxy_a02s-10603.php,Samsung Galaxy A02s,https://fdn2.gsmarena.com/vv/bigpic/samsung-galaxy-a02s-sm-a025-new.jpg,5000,13,Black,White,Red,Blue,,6.5,Qualcomm SDM450 Snapdragon 450 (14 nm),Adreno 506,66.43,$,32GB 2GB RAM,https://www.amazon.com/dp/B09813F5LX?tag=gsmarena093-20&linkCode=osi&th=1&psc=1,,phone,1
66f91f2af50d7cab4b2c3daf,https://www.gsmarena.com/motorola_one_5g_ace-10671.php,Motorola One 5G Ace,https://fdn2.gsmarena.com/vv/bigpic/motorola-one-5g-ace.jpg,5000,48,Volcanic Gray,Frosted Silver,,,,6.7,Qualcomm SM7225 Snapdragon 750G 5G (8 nm),Adreno 619,67,$,64GB 4GB RAM,https://www.amazon.com/dp/B09XJNZ4GZ?tag=gsmarena093-20&linkCode=osi&th=1&psc=1,,phone,4
66f91f2af50d7cab4b2c3d68,https://www.gsmarena.com/motorola_moto_e13-12090.php,Motorola Moto E13,https://fdn2.gsmarena.com/vv/bigpic/motorola-moto-e13-new.jpg,5000,13,Cosmic Black,Creamy White,Aurora Green,,,6.5,Unisoc T606 (12 nm),Mali-G57 MP1,67.5,$,64GB 2GB RAM,https://www.amazon.com/dp/B0BSQXS9C8?tag=gsmarena093-20&linkCode=osi&th=1&psc=1,,phone,2
66f91f2af50d7cab4b2c3da3,https://www.gsmarena.com/motorola_moto_g_stylus_5g-10947.php,Motorola Moto G Stylus 5G,https://fdn2.gsmarena.com/vv/bigpic/motorola-moto-g-stylus-5g.jpg,5000,48,Cosmic Emerald,,,,,6.8,Qualcomm SM4350 Snapdragon 480 5G (8 nm),Adreno 619,67.98,$,128GB 4GB RAM,https://www.amazon.com/dp/B0CHLFVL28?tag=gsmarena093-20&linkCode=osi&th=1&psc=1,,phone,4
66f91f2af50d7cab4b2c3db2,https://www.gsmarena.com/motorola_moto_g_play_(2021)-10673.php,Motorola Moto G Play (2021),https://fdn2.gsmarena.com/vv/bigpic/motorola-moto-g-play-2021.jpg,5000,13,Misty Blue,,,,,6.5,Qualcomm SM4250 Snapdragon 460 (11 nm),Adreno 610,68.99,$,32GB 3GB RAM,https://www.amazon.com/dp/B0BQQ7NGCB?tag=gsmarena093-20&linkCode=osi&th=1&psc=1,3,phone,
66f91f2af50d7cab4b2c3dc9,https://www.gsmarena.com/motorola_moto_g_stylus-10057.php,Motorola Moto G Stylus,https://fdn2.gsmarena.com/vv/bigpic/motorola-moto-g-stylus-.jpg,4000,48,Mystic indigo,,,,,6.4,Qualcomm SDM665 Snapdragon 665 (11 nm),Adreno 610,73.46,$,128GB 4GB RAM,https://www.amazon.com/dp/B09D55BNYB?tag=gsmarena093-20&linkCode=osi&th=1&psc=1,4,phone,
66f91f2af50d7cab4b2c3ace,https://www.gsmarena.com/samsung_galaxy_a20-9640.php,Samsung Galaxy A20,https://fdn2.gsmarena.com/vv/bigpic/samsung-galaxy-a20.jpg,4000,13,Black,Deep Blue,Red,Coral Orange,Gold,6.4,Exynos 7884 (14 nm),Mali-G71 MP2,74,Â£,32GB 3GB RAM,https://www.amazon.co.uk/dp/B081QS6J7K?tag=gsmcom-21&linkCode=osi&th=1&psc=1,3,phone,
66f91f2af50d7cab4b2c3db4,https://www.gsmarena.com/motorola_moto_g_5g-10577.php,Motorola Moto G 5G,https://fdn2.gsmarena.com/vv/bigpic/motorola-moto-g-5g.jpg,5000,48,Volcanic Gray,Frosted Silver,,,,6.7,Qualcomm SM7225 Snapdragon 750G 5G (8 nm),Adreno 619,74.99,$,64GB 4GB RAM,https://www.amazon.com/dp/B0BK5HRGXM?tag=gsmarena093-20&linkCode=osi&th=1&psc=1,,phone,2
66f91f2af50d7cab4b2c3a8e,https://www.gsmarena.com/samsung_galaxy_a21-10172.php,Samsung Galaxy A21,https://fdn2.gsmarena.com/vv/bigpic/samsung-galaxy-a21-r.jpg,4000,16,Black,,,,,6.5,Mediatek MT6765 Helio P35 (12 nm),PowerVR GE8320,78.46,$,32GB 3GB RAM,https://www.amazon.com/dp/B08LXKCCGL?tag=gsmarena093-20&linkCode=osi&th=1&psc=1,3,phone,
66f91f2af50d7cab4b2c3a6c,https://www.gsmarena.com/samsung_galaxy_a12-10604.php,Samsung Galaxy A12,https://fdn2.gsmarena.com/vv/bigpic/samsung-galaxy-a12-sm-a125.jpg,5000,48,Black,White,Blue,Red,,6.5,Mediatek MT6765 Helio P35 (12 nm),PowerVR GE8320,79.99,Â£,32GB 3GB RAM,https://www.amazon.co.uk/dp/B09775SHLZ?tag=gsmcom-21&linkCode=osi&th=1&psc=1,,phone,2
66f91f2af50d7cab4b2c3a21,https://www.gsmarena.com/samsung_galaxy_a04e-11945.php,Samsung Galaxy A04e,https://fdn2.gsmarena.com/vv/bigpic/samsung-galaxy-a04e.jpg,5000,13,Black,Copper,Light Blue,,,6.5,Mediatek MT6765 Helio P35 (12 nm),PowerVR GE8320,83,$,32GB 3GB RAM,https://www.amazon.com/dp/B0BM6P44R1?tag=gsmarena093-20&linkCode=osi&th=1&psc=1,,phone,2
66f91f2af50d7cab4b2c3d5e,https://www.gsmarena.com/motorola_moto_g_(2023)-12249.php,Motorola Moto G (2023),https://fdn2.gsmarena.com/vv/bigpic/motorola-moto-g-5g-2023.jpg,5000,48,Ink Blue,,,,,6.5,Qualcomm SM4350-AC Snapdragon 480+ 5G (8 nm),Adreno 619,85.35,$,64GB 4GB RAM,https://www.amazon.com/dp/B0CY7989FJ?tag=gsmarena093-20&linkCode=osi&th=1&psc=1,4,phone,
66f91f2af50d7cab4b2c3a08,https://www.gsmarena.com/samsung_galaxy_a05-12583.php,Samsung Galaxy A05,https://fdn2.gsmarena.com/vv/bigpic/samsung-galaxy-a05.jpg,5000,50,Black,Silver,Light Green,,,6.7,Mediatek Helio G85 (12 nm),Mali-G52 MC2,89.99,$,64GB 4GB RAM,https://www.amazon.com/dp/B0D8WT5SFC?tag=gsmarena093-20&linkCode=osi&th=1&psc=1,,phone,4
66f91f2af50d7cab4b2c3a3a,https://www.gsmarena.com/samsung_galaxy_a13-11402.php,Samsung Galaxy A13,https://fdn2.gsmarena.com/vv/bigpic/samsung-galaxy-a13.jpg,5000,50,Black,White,Peach,Blue,,6.6,Exynos 850 (8 nm),Mali-G52,90.59,$,32GB 3GB RAM,https://www.amazon.com/dp/B09Z8P34NM?tag=gsmarena093-20&linkCode=osi&th=1&psc=1,,phone,3
66f91f2af50d7cab4b2c3a44,https://www.gsmarena.com/samsung_galaxy_a03-11244.php,Samsung Galaxy A03,https://fdn2.gsmarena.com/vv/bigpic/samsung-galaxy-a03.jpg,5000,48,Black,Blue,Red,,,6.5,Unisoc T606 (12 nm),Mali-G57 MP1,91,Â£,32GB 3GB RAM,https://www.amazon.co.uk/dp/B09V2CT2JF?tag=gsmcom-21&linkCode=osi&th=1&psc=1,,phone,2
66f91f2af50d7cab4b2c3a24,https://www.gsmarena.com/samsung_galaxy_a04-11817.php,Samsung Galaxy A04,https://fdn2.gsmarena.com/vv/bigpic/samsung-galaxy-a04.jpg,5000,50,Black,Green,White,Copper,,6.5,Mediatek MT6765 Helio P35 (12 nm),PowerVR GE8320,92.5,$,64GB 4GB RAM,https://www.amazon.com/dp/B0BV4N3VJZ?tag=gsmarena093-20&linkCode=osi&th=1&psc=1,,phone,3
66f91f2af50d7cab4b2c3d82,https://www.gsmarena.com/motorola_moto_g_stylus_5g_(2022)-11462.php,Motorola Moto G Stylus 5G (2022),https://fdn2.gsmarena.com/vv/bigpic/motorola-moto-g-stylus-5g-2022-r1.jpg,5000,50,Steel Blue,Seafoam Green,,,,6.8,Qualcomm SM6375 Snapdragon 695 5G (6 nm),Adreno 619,94.9,$,128GB 4GB RAM,https://www.amazon.com/dp/B0C8WSPPJX?tag=gsmarena093-20&linkCode=osi&th=1&psc=1,,phone,4
66f91f2af50d7cab4b2c3cd5,https://www.gsmarena.com/apple_watch_series_10-13318.php,Apple Watch Series 10,https://fdn2.gsmarena.com/vv/bigpic/apple-watch-series10.jpg,NaN,NaN,Slate,Gold,Natural,,,1.96,Apple S10,PowerVR,749,$,64GB,https://bestbuy.7tiv.net/c/376373/633495/10014?prodsku=6572912&u=http%3A%2F%2Fwww.bestbuy.com%2Fsite%2F-%2F6572912.p%3Fcmp%3DRMX,,phone,
66f91f2af50d7cab4b2c3cd6,https://www.gsmarena.com/apple_watch_series_10_aluminum-13319.php,Apple Watch Series 10 Aluminum,https://fdn2.gsmarena.com/vv/bigpic/apple-watch-series10-alumin.jpg,NaN,NaN,Jet Black,Rose Gold,Silver,,,1.96,Apple S10,PowerVR,399,$,64GB,https://bestbuy.7tiv.net/c/376373/633495/10014?prodsku=6572674&u=http%3A%2F%2Fwww.bestbuy.com%2Fsite%2F-%2F6572674.p%3Fcmp%3DRMX,,phone,
66f91f2af50d7cab4b2c3d4f,https://www.gsmarena.com/motorola_moto_g04-12803.php,Motorola Moto G04,https://fdn2.gsmarena.com/vv/bigpic/motorola-moto-g04-4g.jpg,5000,16,Concord Black,Sea Green,Satin Blue,Sunrise Orange,,6.56,Unisoc T606 (12 nm),Mali-G57 MP1,97.72,$,64GB 4GB RAM,https://www.amazon.com/dp/B0D79BXYSK?tag=gsmarena093-20&linkCode=osi&th=1&psc=1,,phone,4
66f91f2af50d7cab4b2c3d57,https://www.gsmarena.com/motorola_moto_g14-12447.php,Motorola Moto G14,https://fdn2.gsmarena.com/vv/bigpic/mototola-g14.jpg,5000,50,Steel Gray,Sky Blue,Butter Cream,Pale Lilac,,6.5,Unisoc Tiger T616 (12 nm),Mali-G57 MP1,98.96,$,128GB 4GB RAM,https://www.amazon.com/dp/B0CV1FCLLR?tag=gsmarena093-20&linkCode=osi&th=1&psc=1,,phone,4
66f91f2af50d7cab4b2c3cd9,https://www.gsmarena.com/apple_ipad_air_13_(2024)-12985.php,Apple iPad Air 13 (2024),https://fdn2.gsmarena.com/vv/bigpic/apple-ipad-air-13-2024.jpg,NaN,12,Space Gray,Starlight,Purple,Blue,,13,Apple M2,Apple GPU (9-core graphics),,,,,8,phone,
66f91f2af50d7cab4b2c3cda,https://www.gsmarena.com/apple_ipad_air_11_(2024)-12984.php,Apple iPad Air 11 (2024),https://fdn2.gsmarena.com/vv/bigpic/apple-ipad-air-11-2024.jpg,NaN,12,Space Gray,Starlight,Purple,Blue,,11,Apple M2,Apple GPU (9-core graphics),,,,,8,phone,
66f91f2af50d7cab4b2c3d61,https://www.gsmarena.com/motorola_moto_g_power_5g-12219.php,Motorola Moto G Power 5G,https://fdn2.gsmarena.com/vv/bigpic/motorola-moto-g-power-5g.jpg,5000,50,Dark Blue,,,,,6.5,Mediatek Dimensity 930 (6 nm),IMG BXM-8-256,99.88,$,256GB 6GB RAM,https://www.amazon.com/dp/B0CCT1S3Z2?tag=gsmarena093-20&linkCode=osi&th=1&psc=1,6,phone,
66f91f2af50d7cab4b2c3a07,https://www.gsmarena.com/samsung_galaxy_a05s-12584.php,Samsung Galaxy A05s,https://fdn2.gsmarena.com/vv/bigpic/samsung-galaxy-a05s.jpg,5000,50,Black,Silver,Light Green,Violet,,6.7,Qualcomm SM6225 Snapdragon 680 4G (6 nm),Adreno 610,99.99,$,128GB 4GB RAM,https://www.amazon.com/dp/B0D4X3KJY2?tag=gsmarena093-20&linkCode=osi&th=1&psc=1,,phone,4
66f91f2af50d7cab4b2c3d66,https://www.gsmarena.com/motorola_moto_g23-12088.php,Motorola Moto G23,https://fdn2.gsmarena.com/vv/bigpic/motorola-moto-g23-r.jpg,5000,50,Matte Charcoal,Pearl White,Steel Blue,,,6.5,Mediatek MT6769Z Helio G85 (12 nm),Mali-G52 MC2,99.99,$,128GB 8GB RAM,https://www.amazon.com/dp/B0C4GPBTQW?tag=gsmarena093-20&linkCode=osi&th=1&psc=1,,phone,4
66f91f2af50d7cab4b2c3a29,https://www.gsmarena.com/samsung_galaxy_a23_5g-11736.php,Samsung Galaxy A23 5G,https://fdn2.gsmarena.com/vv/bigpic/samsung-galaxy-a23-5g.jpg,5000,50,Black,White,Peach,Blue,,6.6,Qualcomm SM6375 Snapdragon 695 5G (6 nm),Adreno 619,100,$,64GB 4GB RAM,https://www.amazon.com/dp/B0CSTCQ1ZW?tag=gsmarena093-20&linkCode=osi&th=1&psc=1,,phone,4
66f91f2af50d7cab4b2c3a55,https://www.gsmarena.com/samsung_galaxy_a22_5g-10873.php,Samsung Galaxy A22 5G,https://fdn2.gsmarena.com/vv/bigpic/samsung-galaxy-a22-5g.jpg,5000,48,Gray,White,Mint,Violet,,6.6,Mediatek Dimensity 700 (7 nm),Mali-G57 MC2,103.95,Â£,64GB 4GB RAM,https://www.amazon.co.uk/dp/B09GPJMY6J?tag=gsmcom-21&linkCode=osi&th=1&psc=1,,phone,4
66f91f2af50d7cab4b2c39e9,https://www.gsmarena.com/samsung_galaxy_a06-13265.php,Samsung Galaxy A06,https://fdn2.gsmarena.com/vv/bigpic/samsung-galaxy-a06-1.jpg,5000,50,Blue,Gold,White,,,6.7,Mediatek Helio G85 (12 nm),Mali-G52 MC2,106.72,$,64GB 4GB RAM,https://www.amazon.com/dp/B0DDV9YJK7?tag=gsmarena093-20&linkCode=osi&th=1&psc=1,,phone,4
66f91f2af50d7cab4b2c3d4e,https://www.gsmarena.com/motorola_moto_g24-12802.php,Motorola Moto G24,https://fdn2.gsmarena.com/vv/bigpic/motorola-moto-g24.jpg,5000,50,Matte Charcoal,Ice Green,Blueberry,Pink Lavender,,6.56,Mediatek MT6769Z Helio G85 (12 nm),Mali-G52 MC2,106.83,â‚¬,128GB 4GB RAM,https://www.amazon.de/dp/B07KVX175H?tag=gsmarena0ca-21&linkCode=osi&th=1&psc=1,,phone,4
66f91f2af50d7cab4b2c3d6b,https://www.gsmarena.com/motorola_moto_g_play_(2023)-11957.php,Motorola Moto G Play (2023),https://fdn2.gsmarena.com/vv/bigpic/motorola-moto-g-play-2023.jpg,5000,16,Deep Indigo,,,,,6.5,Mediatek MT6765 Helio G37 (12 nm),PowerVR GE8320,108.89,C$,32GB 3GB RAM,https://www.amazon.ca/dp/B0C5BHVCSJ?tag=gsmarena0f3-20&linkCode=osi&th=1&psc=1,3,phone,
66f91f2af50d7cab4b2c3d7f,https://www.gsmarena.com/motorola_moto_g82-11508.php,Motorola Moto G82,https://fdn2.gsmarena.com/vv/bigpic/motorola-moto-g82.jpg,5000,50,Meteorite Gray,White Lily,,,,6.6,Qualcomm SM6375 Snapdragon 695 5G (6 nm),Adreno 619,109.5,$,128GB 6GB RAM,https://www.amazon.com/dp/B0B3ZGN6P2?tag=gsmarena093-20&linkCode=osi&th=1&psc=1,,phone,6
66f91f2af50d7cab4b2c3a6a,https://www.gsmarena.com/samsung_galaxy_a32_5g-10648.php,Samsung Galaxy A32 5G,https://fdn2.gsmarena.com/vv/bigpic/samsung-galaxy-a32-5g.jpg,5000,48,Awesome Black,Awesome White,Awesome Blue,Awesome Violet,,6.5,Mediatek Dimensity 720 (7 nm),Mali-G57 MC3,113.95,Â£,64GB 4GB RAM,https://www.amazon.co.uk/dp/B092362CCX?tag=gsmcom-21&linkCode=osi&th=1&psc=1,,phone,4
66f91f2af50d7cab4b2c3a43,https://www.gsmarena.com/samsung_galaxy_a13_5g-11149.php,Samsung Galaxy A13 5G,https://fdn2.gsmarena.com/vv/bigpic/samsung-galaxy-a13-5g-.jpg,5000,50,Black,,,,,6.5,Mediatek Dimensity 700 (7 nm),Mali-G57 MC2,114.99,Â£,64GB 4GB RAM,https://www.amazon.co.uk/dp/B0BP3PQ56L?tag=gsmcom-21&linkCode=osi&th=1&psc=1,,phone,4
66f91f2af50d7cab4b2c3a63,https://www.gsmarena.com/samsung_galaxy_a32-10753.php,Samsung Galaxy A32,https://fdn2.gsmarena.com/vv/bigpic/samsung-galaxy-a32-4g-new.jpg,5000,64,Awesome Black,Awesome White,Awesome Blue,Awesome Violet,,6.4,Mediatek MT6769V/CU Helio G80 (12 nm),Mali-G52 MC2,115,Â£,128GB 4GB RAM,https://www.amazon.co.uk/dp/B09BD7WD5D?tag=gsmcom-21&linkCode=osi&th=1&psc=1,,phone,4
66f91f2af50d7cab4b2c3db0,https://www.gsmarena.com/motorola_moto_g_stylus_(2021)-10583.php,Motorola Moto G Stylus (2021),https://fdn2.gsmarena.com/vv/bigpic/motorola-moto-g-stylus-2021.jpg,4000,48,Aurora Black,Aurora White,,,,6.8,Qualcomm SDM678 Snapdragon 678 (11 nm),Adreno 612,116.37,$,128GB 4GB RAM,https://www.amazon.com/dp/B09X7DSYRB?tag=gsmarena093-20&linkCode=osi&th=1&psc=1,4,phone,
66f91f2af50d7cab4b2c3a5b,https://www.gsmarena.com/samsung_galaxy_m12-10860.php,Samsung Galaxy M12,https://fdn2.gsmarena.com/vv/bigpic/samsung-galaxy-m12.jpg,5000,48,Black,Blue,Green,,,6.5,Exynos 850 (8 nm),Mali-G52,119.99,Â£,64GB 4GB RAM,https://www.amazon.co.uk/dp/B093TH4PVF?tag=gsmcom-21&linkCode=osi&th=1&psc=1,,phone,3
66f91f2af50d7cab4b2c3a23,https://www.gsmarena.com/samsung_galaxy_a04s-11803.php,Samsung Galaxy A04s,https://fdn2.gsmarena.com/vv/bigpic/samsung-galaxy-a04s.jpg,5000,50,Black,Green,White,Copper,,6.5,Exynos 850 (8 nm),Mali-G52,119.99,$,64GB 4GB RAM,https://www.amazon.com/dp/B0BSMM4H5S?tag=gsmarena093-20&linkCode=osi&th=1&psc=1,,phone,3
66f91f2af50d7cab4b2c3d50,https://www.gsmarena.com/motorola_moto_g_play_(2024)-12798.php,Motorola Moto G Play (2024),https://fdn2.gsmarena.com/vv/bigpic/motorola-moto-g-play-2024-.jpg,5000,50,Sapphire Blue,,,,,6.5,Qualcomm SM6225 Snapdragon 680 4G (6 nm),Adreno 610,119.99,$,64GB 4GB RAM,https://www.amazon.com/dp/B0D9KXM37M?tag=gsmarena093-20&linkCode=osi&th=1&psc=1,4,phone,
66f91f2af50d7cab4b2c3a4b,https://www.gsmarena.com/samsung_galaxy_a52s_5g-11039.php,Samsung Galaxy A52s 5G,https://fdn2.gsmarena.com/vv/bigpic/samsung-galaxy-a52s-5g.jpg,4500,64,Awesome Black,Awesome White,Awesome Purple,Awesome Mint,,6.5,Qualcomm SM7325 Snapdragon 778G 5G (6 nm),Adreno 642L,120,Â£,128GB 6GB RAM,https://www.amazon.co.uk/dp/B09GVZBYM2?tag=gsmcom-21&linkCode=osi&th=1&psc=1,,phone,4
66f91f2af50d7cab4b2c3ac1,https://www.gsmarena.com/samsung_galaxy_s10-9536.php,Samsung Galaxy S10,https://fdn2.gsmarena.com/vv/bigpic/samsung-galaxy-s10.jpg,3400,16,Prism White,Prism Black,Prism Green,Prism Blue,Canary Yellow,6.1,Exynos 9820 (8 nm) - EMEA/LATAMQualcomm SM8150 Snapdragon 855 (7 nm) - USA/China,Mali-G76 MP12 - EMEA/LATAMAdreno 640 - USA/China,124.99,Â£,128GB 8GB RAM,https://www.amazon.co.uk/dp/B07NWR7QYQ?tag=gsmcom-21&linkCode=osi&th=1&psc=1,,phone,6
66f91f2af50d7cab4b2c3aa4,https://www.gsmarena.com/samsung_galaxy_a71-9995.php,Samsung Galaxy A71,https://fdn2.gsmarena.com/vv/bigpic/samsung-galaxy-a71.jpg,4500,64,Prism Crush Black,Prism Crush Silver,Prism Crush Blue,Prism Crush Pink,,6.7,Qualcomm SDM730 Snapdragon 730 (8 nm) - GlobalQualcomm SDM730 Snapdragon 730G (8 nm) - Philippines,Adreno 618,124.99,Â£,128GB 6GB RAM,https://www.amazon.co.uk/dp/B083Z9DBFM?tag=gsmcom-21&linkCode=osi&th=1&psc=1,,phone,6
66f91f2af50d7cab4b2c3cee,https://www.gsmarena.com/apple_ipad_air_(2022)-11411.php,Apple iPad Air (2022),https://fdn2.gsmarena.com/vv/bigpic/apple-ipad-air-2022-new.jpg,NaN,12,Space Gray,Starlight,Pink,Purple,Blue,10.9,Apple M1,Apple GPU (8-core graphics),,,,,8,phone,
66f91f2af50d7cab4b2c3d54,https://www.gsmarena.com/motorola_moto_g54-12543.php,Motorola Moto G54,https://fdn2.gsmarena.com/vv/bigpic/motorola-moto-g54.jpg,5000,50,Midnight blue,Indigo blue,Glacier blue,Mint green,,6.5,Mediatek Dimensity 7020 (6 nm),IMG BXM-8-256,125,$,128GB 4GB RAM,https://www.amazon.com/dp/B0CQ8RJBW3?tag=gsmarena093-20&linkCode=osi&th=1&psc=1,,phone,4
66f91f2af50d7cab4b2c3d4d,https://www.gsmarena.com/motorola_moto_g24_power-12813.php,Motorola Moto G24 Power,https://fdn2.gsmarena.com/vv/bigpic/motorola-moto-g24-power.jpg,6000,50,Glacier Blue,Ink Blue,,,,6.56,Mediatek MT6769Z Helio G85 (12 nm),Mali-G52 MC2,129,$,256GB 8GB RAM,https://www.amazon.com/dp/B0D2LPJ9Y1?tag=gsmarena093-20&linkCode=osi&th=1&psc=1,,phone,4
66f91f2af50d7cab4b2c3d41,https://www.gsmarena.com/motorola_moto_e14-13148.php,Motorola Moto E14,https://fdn2.gsmarena.com/vv/bigpic/motorola-moto-e14.jpg,5000,13,Pastel Green,Graphite Gray,Pastel Purple,,,6.56,Unisoc T606 (12 nm),Mali-G57 MP1,129.99,C$,64GB 2GB RAM,https://www.amazon.ca/dp/B0D99J6GJ7?tag=gsmarena0f3-20&linkCode=osi&th=1&psc=1,,phone,2
66f91f2af50d7cab4b2c3a2f,https://www.gsmarena.com/samsung_galaxy_m13-11564.php,Samsung Galaxy M13,https://fdn2.gsmarena.com/vv/bigpic/samsung-galaxy-m13.jpg,5000,50,Deep Green,Orange Copper,Light Blue,,,6.6,Exynos 850 (8 nm),Mali-G52,129.99,Â£,64GB 4GB RAM,https://www.amazon.co.uk/dp/B0CP45JYW8?tag=gsmcom-21&linkCode=osi&th=1&psc=1,4,phone,
66f91f2af50d7cab4b2c3cf3,https://www.gsmarena.com/apple_ipad_mini_(2021)-11105.php,Apple iPad mini (2021),https://fdn2.gsmarena.com/vv/bigpic/apple-ipad-mini-2021.jpg,NaN,8,Space Gray,Pink,Purple,Starlight,,8.3,Apple A15 Bionic (5 nm),Apple GPU (5-core),,,,,4,phone,
66f91f2af50d7cab4b2c3d91,https://www.gsmarena.com/motorola_moto_g_power_(2022)-11211.php,Motorola Moto G Power (2022),https://fdn2.gsmarena.com/vv/bigpic/motorola-moto-g9-power-2022.jpg,5000,50,Black,,,,,6.5,Mediatek MT6765 Helio G37 (12 nm),,132.08,C$,64GB 4GB RAM,https://www.amazon.ca/dp/B09SM6GR4B?tag=gsmarena0f3-20&linkCode=osi&th=1&psc=1,4,phone,
66f91f2af50d7cab4b2c3d49,https://www.gsmarena.com/motorola_moto_g04s-12921.php,Motorola Moto G04s,https://fdn2.gsmarena.com/vv/bigpic/motorola-moto-g04-4g.jpg,5000,50,Concord Black,Sea Green,Satin Blue,Sunrise Orange,,6.56,Unisoc T606 (12 nm),Mali-G57 MP1,132.38,Â£,64GB 4GB RAM,https://www.amazon.co.uk/dp/B0D7M3BXJW?tag=gsmcom-21&linkCode=osi&th=1&psc=1,,phone,4
66f91f2af50d7cab4b2c3d4b,https://www.gsmarena.com/motorola_moto_g_(2024)-12866.php,Motorola Moto G (2024),https://fdn2.gsmarena.com/vv/bigpic/motorola-moto-g-2024-.jpg,5000,50,Sage Green,,,,,6.6,Qualcomm SM4375 Snapdragon 4 Gen 1 (6 nm),Adreno 619,132.89,$,128GB 4GB RAM,https://www.amazon.com/dp/B0DCGQJ6ZC?tag=gsmarena093-20&linkCode=osi&th=1&psc=1,4,phone,
66f91f2af50d7cab4b2c3a4a,https://www.gsmarena.com/samsung_galaxy_a03s-10937.php,Samsung Galaxy A03s,https://fdn2.gsmarena.com/vv/bigpic/samsung-galaxy-a03s.jpg,5000,13,Black,Blue,White,,,6.5,Mediatek MT6765 Helio P35 (12 nm),PowerVR GE8320,133.89,â‚¬,32GB 2GB RAM,https://www.amazon.de/dp/B09F3XQTBS?tag=gsmarena0ca-21&linkCode=osi&th=1&psc=1,,phone,2
66f91f2af50d7cab4b2c3a01,https://www.gsmarena.com/samsung_galaxy_a15-12637.php,Samsung Galaxy A15,https://fdn2.gsmarena.com/vv/bigpic/samsung-galaxy-a15-lte-.jpg,5000,50,Brave Black,Optimistic Blue,Magical Blue,Personality Yellow,,6.5,Mediatek Helio G99 (6 nm),Mali-G57 MC2,134.49,$,128GB 4GB RAM,https://www.amazon.com/dp/B0CQ59K8F9?tag=gsmarena093-20&linkCode=osi&th=1&psc=1,,phone,4
66f91f2af50d7cab4b2c3a8d,https://www.gsmarena.com/samsung_galaxy_a51_5g-10157.php,Samsung Galaxy A51 5G,https://fdn2.gsmarena.com/vv/bigpic/samsung-galaxy-a51-5g.jpg,4500,48,Prism Cube Black,Prism Cube White,Prism Cube Pink,,,6.5,Exynos 980 (8 nm),Mali-G76 MP5,134.95,Â£,128GB 6GB RAM,https://www.amazon.co.uk/dp/B08G4VJ8B8?tag=gsmcom-21&linkCode=osi&th=1&psc=1,,phone,6
66f91f2af50d7cab4b2c39f7,https://www.gsmarena.com/samsung_galaxy_m15-12833.php,Samsung Galaxy M15,https://fdn2.gsmarena.com/vv/bigpic/samsung-galaxy-m15.jpg,6000,50,Light Blue,Dark Blue,Gray,,,6.5,Mediatek Dimensity 6100+ (6 nm),Mali-G57 MC2,134.99,Â£,128GB 4GB RAM,https://www.amazon.co.uk/dp/B0D17T5JKT?tag=gsmcom-21&linkCode=osi&th=1&psc=1,,phone,4
66f91f2af50d7cab4b2c3a1c,https://www.gsmarena.com/samsung_galaxy_a14-12151.php,Samsung Galaxy A14,https://fdn2.gsmarena.com/vv/bigpic/samsung-galaxy-a14-4g.jpg,5000,50,Black,Dark Red,Silver,Green,,6.6,Mediatek MT6769 Helio G80 (12 nm) - Version AExynos 850 (8 nm) - Version B,Mali-G52 MC2,135,$,128GB 4GB RAM,https://www.amazon.com/dp/B0C1ZZRZH6?tag=gsmarena093-20&linkCode=osi&th=1&psc=1,,phone,4
66f91f2af50d7cab4b2c3d51,https://www.gsmarena.com/motorola_moto_g34-12759.php,Motorola Moto G34,https://fdn2.gsmarena.com/vv/bigpic/motorola-moto-g34-china.jpg,5000,50,Charcoal Black,Ice Blue,Ocean Green,Vanilla Cream,,6.5,Qualcomm SM6375 Snapdragon 695 5G (6 nm),Adreno 619,135.15,â‚¬,64GB 4GB RAM,https://www.amazon.de/dp/B0CVL9NS9Y?tag=gsmarena0ca-21&linkCode=osi&th=1&psc=1,,phone,4
66f91f2af50d7cab4b2c3a76,https://www.gsmarena.com/samsung_galaxy_a42_5g-10412.php,Samsung Galaxy A42 5G,https://fdn2.gsmarena.com/vv/bigpic/samsung-galaxy-a42-5g.jpg,5000,48,Prism Dot Black,Prism Dot White,Prism Dot Gray,,,6.6,Qualcomm SM7225 Snapdragon 750 5G (8 nm),Adreno 619,135.2,$,128GB 4GB RAM,https://www.amazon.com/dp/B0982DWPT8?tag=gsmarena093-20&linkCode=osi&th=1&psc=1,,phone,4
66f91f2af50d7cab4b2c3a61,https://www.gsmarena.com/samsung_galaxy_a52-10641.php,Samsung Galaxy A52,https://fdn2.gsmarena.com/vv/bigpic/samsung-galaxy-a52-4g.jpg,4500,64,Awesome Black,Awesome White,Awesome Violet,Awesome Blue,,6.5,Qualcomm SM7125 Snapdragon 720G (8 nm),Adreno 618,139.88,Â£,128GB 4GB RAM,https://www.amazon.co.uk/dp/B094K3BXV2?tag=gsmcom-21&linkCode=osi&th=1&psc=1,,phone,4
66f91f2af50d7cab4b2c3cff,https://www.gsmarena.com/apple_ipad_10_2_(2020)-10445.php,Apple iPad 10.2 (2020),https://fdn2.gsmarena.com/vv/bigpic/apple-ipad8-102-inches-2020.jpg,NaN,8,Silver,Gold,Space Gray,,,10.2,Apple A12 Bionic (7 nm),Apple GPU (4-core graphics),,,,,3,phone,
66f91f2af50d7cab4b2c3d00,https://www.gsmarena.com/apple_watch_se-10446.php,Apple Watch SE,https://fdn2.gsmarena.com/vv/bigpic/apple-watch-se.jpg,NaN,NaN,Silver,Gold,Space Gray,,,1.78,Apple S5,PowerVR,,,,,1,phone,
66f91f2af50d7cab4b2c3a92,https://www.gsmarena.com/samsung_galaxy_a31-10149.php,Samsung Galaxy A31,https://fdn2.gsmarena.com/vv/bigpic/samsung-galaxy-a31.jpg,5000,48,Prism Crush Black,Prism Crush Blue,Prism Crush Red,Prism Crush White,,6.4,Mediatek MT6768 Helio P65 (12 nm),Mali-G52 MC2,139.99,Â£,64GB 4GB RAM,https://www.amazon.co.uk/dp/B0987RGWP2?tag=gsmcom-21&linkCode=osi&th=1&psc=1,,phone,4
66f91f2af50d7cab4b2c3a60,https://www.gsmarena.com/samsung_galaxy_a52_5g-10631.php,Samsung Galaxy A52 5G,https://fdn2.gsmarena.com/vv/bigpic/samsung-galaxy-a52-5g.jpg,4500,64,Awesome Black,Awesome White,Awesome Violet,Awesome Blue,,6.5,Qualcomm SM7225 Snapdragon 750G 5G (8 nm),Adreno 619,141.66,$,128GB 6GB RAM,https://www.amazon.com/dp/B093WYVSX2?tag=gsmarena093-20&linkCode=osi&th=1&psc=1,,phone,6
66f91f2af50d7cab4b2c3d83,https://www.gsmarena.com/motorola_moto_g_(2022)-11491.php,Motorola Moto G (2022),https://fdn2.gsmarena.com/vv/bigpic/motorola-moto-g-5g-2022.jpg,5000,50,Moonlight Gray,,,,,6.5,Mediatek Dimensity 700 (7 nm),Mali-G57 MC2,148,$,64GB 4GB RAM,https://www.amazon.com/dp/B0D894HBTY?tag=gsmarena093-20&linkCode=osi&th=1&psc=1,,phone,4
66f91f2af50d7cab4b2c3a51,https://www.gsmarena.com/samsung_galaxy_a12_nacho-11041.php,Samsung Galaxy A12 Nacho,https://fdn2.gsmarena.com/vv/bigpic/samsung-galaxy-a12-nacho.jpg,5000,48,Black,Blue,Red,,,6.5,Exynos 850 (8 nm),Mali-G52,149,$,32GB 3GB RAM,https://www.amazon.com/dp/B09JPDCBPG?tag=gsmarena093-20&linkCode=osi&th=1&psc=1,,phone,3
66f91f2af50d7cab4b2c3ec4,https://www.gsmarena.com/oneplus_nord_n10_5g-10556.php,OnePlus Nord N10 5G,https://fdn2.gsmarena.com/vv/bigpic/oneplus-nord-n10-5g-.jpg,4300,64,Midnight Ice,,,,,6.49,Qualcomm SM6350 Snapdragon 690 5G (8 nm),Adreno 619L,149.94,$,128GB 6GB RAM,https://www.amazon.com/dp/B08XJVZT4R?tag=gsmarena093-20&linkCode=osi&th=1&psc=1,6,phone,
66f91f2af50d7cab4b2c3d06,https://www.gsmarena.com/apple_ipad_pro_11_(2020)-10137.php,Apple iPad Pro 11 (2020),https://fdn2.gsmarena.com/vv/bigpic/apple-ipad-pro-11-2020.jpg,NaN,12,Silver,Space Gray,,,,11,Apple A12Z Bionic,Apple GPU (8-core graphics),,,,,6,phone,
66f91f2af50d7cab4b2c3a74,https://www.gsmarena.com/samsung_galaxy_s20_fe_5g-10377.php,Samsung Galaxy S20 FE 5G,https://fdn2.gsmarena.com/vv/bigpic/samsung-galaxy-s20-fe-5g.jpg,4500,12,Cloud Lavender,Cloud Mint,Cloud Navy,Cloud White,Cloud Red,6.5,Qualcomm SM8250 Snapdragon 865 5G (7 nm+),Adreno 650,149.99,Â£,128GB 6GB RAM,https://www.amazon.co.uk/dp/B07KVWN962?tag=gsmcom-21&linkCode=osi&th=1&psc=1,,phone,6
66f91f2af50d7cab4b2c3a6e,https://www.gsmarena.com/samsung_galaxy_a02-10708.php,Samsung Galaxy A02,https://fdn2.gsmarena.com/vv/bigpic/samsung-galaxy-a02.jpg,5000,13,Black,Blue,,,,6.5,Mediatek MT6739W (28 nm),PowerVR GE8100,149.99,$,32GB 2GB RAM,https://www.samsung.com/us/smartphones/galaxy-a-phones/buy/?modelCode=SM-A025VZKAVZW,,phone,2
66f91f2af50d7cab4b2c3a39,https://www.gsmarena.com/samsung_galaxy_a23-11373.php,Samsung Galaxy A23,https://fdn2.gsmarena.com/vv/bigpic/samsung-galaxy-a23.jpg,5000,50,Black,White,Peach,Blue,,6.6,Qualcomm SM6225 Snapdragon 680 4G (6 nm),Adreno 610,149.99,$,64GB 4GB RAM,https://www.amazon.com/dp/B0BBR49HXP?tag=gsmarena093-20&linkCode=osi&th=1&psc=1,,phone,4
66f91f2af50d7cab4b2c3eb1,https://www.gsmarena.com/oneplus_nord_n20_se-11738.php,OnePlus Nord N20 SE,https://fdn2.gsmarena.com/vv/bigpic/oneplus-nord-n20-se.jpg,5000,50,Blue Oasis,Celestial Black,,,,6.56,Mediatek MT6765G Helio G35 (12 nm),PowerVR GE8320,149.99,$,64GB 4GB RAM,https://www.amazon.com/dp/B0B9CH38WF?tag=gsmarena093-20&linkCode=osi&th=1&psc=1,4,phone,
66f91f2af50d7cab4b2c3d9b,https://www.gsmarena.com/motorola_edge_(2021)-11061.php,Motorola Edge (2021),https://fdn2.gsmarena.com/vv/bigpic/motorola-edge-2021.jpg,5000,108,Nebula Blue,,,,,6.8,Qualcomm SM7325 Snapdragon 778G 5G (6 nm),Adreno 642L,153.5,$,256GB 8GB RAM,https://www.amazon.com/dp/B09FZR3QMS?tag=gsmarena093-20&linkCode=osi&th=1&psc=1,8,phone,
66f91f2af50d7cab4b2c3a8c,https://www.gsmarena.com/samsung_galaxy_a71_5g-10146.php,Samsung Galaxy A71 5G,https://fdn2.gsmarena.com/vv/bigpic/samsung-galaxy-a71-5g.jpg,4500,64,Prism Cube Black,Prism Cube Sliver,Prism Cube Blue,,,6.7,Exynos 980 (8 nm),Mali-G76 MP5,154.9,$,128GB 6GB RAM,https://www.amazon.com/dp/B08PQ5ZCNP?tag=gsmarena093-20&linkCode=osi&th=1&psc=1,,phone,6
66f91f2af50d7cab4b2c3a56,https://www.gsmarena.com/samsung_galaxy_a22-10948.php,Samsung Galaxy A22,https://fdn2.gsmarena.com/vv/bigpic/samsung-galaxy-a22.jpg,5000,48,Black,White,Mint,Violet,,6.4,Mediatek MT6769V/CU Helio G80 (12 nm),Mali-G52 MC2,155,Â£,64GB 4GB RAM,https://www.amazon.co.uk/dp/B0937JCNXT?tag=gsmcom-21&linkCode=osi&th=1&psc=1,,phone,4
66f91f2af50d7cab4b2c3ac0,https://www.gsmarena.com/samsung_galaxy_s10+-9535.php,Samsung Galaxy S10+,https://fdn2.gsmarena.com/vv/bigpic/samsung-galaxy-s10-plus-new.jpg,4100,16,Prism White,Prism Black,Prism Green,Prism Blue,Canary Yellow,6.4,Exynos 9820 (8 nm) - EMEA/LATAMQualcomm SM8150 Snapdragon 855 (7 nm) - USA/China,Mali-G76 MP12 - EMEA/LATAMAdreno 640 - USA/China,159.43,â‚¬,128GB 8GB RAM,https://www.amazon.de/dp/B088HKQCRZ?tag=gsmarena0ca-21&linkCode=osi&th=1&psc=1,,phone,8
66f91f2af50d7cab4b2c3a00,https://www.gsmarena.com/samsung_galaxy_a15_5g-12638.php,Samsung Galaxy A15 5G,https://fdn2.gsmarena.com/vv/bigpic/samsung-galaxy-a15-5g-new.jpg,5000,50,Brave Black,Personality Yellow,Magical Blue,Optimistic Blue,,6.5,Mediatek Dimensity 6100+ (6 nm),Mali-G57 MC2,159.99,$,128GB 4GB RAM,https://www.amazon.com/dp/B0CY5QFVBV?tag=gsmarena093-20&linkCode=osi&th=1&psc=1,,phone,4
66f91f2af50d7cab4b2c3d8e,https://www.gsmarena.com/motorola_moto_g51_5g-11194.php,Motorola Moto G51 5G,https://fdn2.gsmarena.com/vv/bigpic/motorola-moto-g51-5g-bright-silver.jpg,5000,50,Indigo Blue,Bright Silver,Aqua Blue,,,6.8,Qualcomm SM4350-AC Snapdragon 480+ 5G (8 nm),Adreno 619,160.99,$,128GB 4GB RAM,https://www.amazon.com/dp/B0B7BSYP2P?tag=gsmarena093-20&linkCode=osi&th=1&psc=1,,phone,4
66f91f2af50d7cab4b2c3eb5,https://www.gsmarena.com/oneplus_nord_n20_5g-11218.php,OnePlus Nord N20 5G,https://fdn2.gsmarena.com/vv/bigpic/oneplus-nord-n20-5g-.jpg,4500,64,Blue,,,,,6.43,Qualcomm SM6375 Snapdragon 695 5G (6 nm),Adreno 619,165.09,$,128GB 6GB RAM,https://www.amazon.com/dp/B0B14LBNL6?tag=gsmarena093-20&linkCode=osi&th=1&psc=1,6,phone,
66f91f2af50d7cab4b2c3aa5,https://www.gsmarena.com/samsung_galaxy_a51-9963.php,Samsung Galaxy A51,https://fdn2.gsmarena.com/vv/bigpic/samsung-galaxy-a51-sm-a515.jpg,4000,48,Prism Crush Black,Prism Crush White,Prism Crush Blue,Prism Crush Pink,,6.5,Exynos 9611 (10 nm),Mali-G72 MP3,167.17,â‚¬,128GB 4GB RAM,https://www.amazon.de/dp/B086JYZY5T?tag=gsmarena0ca-21&linkCode=osi&th=1&psc=1,,phone,4
66f91f2af50d7cab4b2c3a2c,https://www.gsmarena.com/samsung_galaxy_a13_(sm_a137)-11665.php,Samsung Galaxy A13 (SM-A137),https://fdn2.gsmarena.com/vv/bigpic/samsung-galaxy-a13-a137.jpg,5000,50,Black,White,Blue,,,6.6,Mediatek MT6769V/CU Helio G80 (12 nm),Mali-G52 MC2,167.28,Â£,128GB 4GB RAM,https://www.amazon.co.uk/dp/B09ZVDHR7R?tag=gsmcom-21&linkCode=osi&th=1&psc=1,,phone,3
66f91f2af50d7cab4b2c3d5a,https://www.gsmarena.com/motorola_moto_g_stylus_5g_(2023)-12301.php,Motorola Moto G Stylus 5G (2023),https://fdn2.gsmarena.com/vv/bigpic/motorola-moto-g-stylus-5g-2023.jpg,5000,50,Cosmic Black,Rose Champagne,,,,6.6,Qualcomm SM6450 Snapdragon 6 Gen 1 (4 nm),Adreno 710,168,$,256GB 6GB RAM,https://www.amazon.com/dp/B0CMCHJP63?tag=gsmarena093-20&linkCode=osi&th=1&psc=1,,phone,4
66f91f2af50d7cab4b2c3a41,https://www.gsmarena.com/samsung_galaxy_s21_fe_5g-10954.php,Samsung Galaxy S21 FE 5G,https://fdn2.gsmarena.com/vv/bigpic/samsung-galaxy-s21-fe-5g.jpg,4500,12,White,Graphite,Lavender,Olive,,6.4,Qualcomm SM8350 Snapdragon 888 5G (5 nm) - Version 1Exynos 2100 (5 nm) - Version 2,Adreno 660 - Version 1Mali-G78 MP14 - Version 2,169,Â£,128GB 6GB RAM,https://www.amazon.co.uk/dp/B09NMBJSCL?tag=gsmcom-21&linkCode=osi&th=1&psc=1,,phone,6
66f91f2af50d7cab4b2c3d16,https://www.gsmarena.com/apple_watch_series_4_aluminum-9322.php,Apple Watch Series 4 Aluminum,https://fdn2.gsmarena.com/vv/bigpic/apple-watch-series-4-aluminum.jpg,NaN,NaN,Silver,Gold,Space Gray,,,1.78,Apple S4,PowerVR,,,,,1,phone,
66f91f2af50d7cab4b2c3aed,https://www.gsmarena.com/samsung_galaxy_s9+-8967.php,Samsung Galaxy S9+,https://fdn2.gsmarena.com/vv/bigpic/samsung-galaxy-s9-plus-blue.jpg,3500,12,Midnight Black,Coral Blue,Titanium Gray,Lilac Purple,Burgundy Red,6.2,"Exynos 9810 (10 nm) - EMEAQualcomm SDM845 Snapdragon 845 (10 nm) - USA/LATAM, China","Mali-G72 MP18 - EMEAAdreno 630 - USA/LATAM, China",169.9,$,64GB 4GB RAM,https://www.amazon.com/dp/B07VN9X8V5?tag=gsmarena093-20&linkCode=osi&th=1&psc=1,,phone,4
66f91f2af50d7cab4b2c3ebe,https://www.gsmarena.com/oneplus_nord_n200_5g-10961.php,OnePlus Nord N200 5G,https://fdn2.gsmarena.com/vv/bigpic/oneplus-nord-n200-5g.jpg,5000,13,Blue Quantum,,,,,6.49,Qualcomm SM4350 Snapdragon 480 5G (8 nm),Adreno 619,169.99,$,64GB 4GB RAM,https://bestbuy.7tiv.net/c/376373/633495/10014?prodsku=6468089&u=http%3A%2F%2Fwww.bestbuy.com%2Fsite%2F-%2F6468089.p%3Fcmp%3DRMX,4,phone,
66f91f2af50d7cab4b2c39ff,https://www.gsmarena.com/samsung_galaxy_a25-12555.php,Samsung Galaxy A25,https://fdn2.gsmarena.com/vv/bigpic/samsung-galaxy-a25.jpg,5000,50,Brave Black,Personality Yellow,Fantasy Blue,Optimistic Blue,,6.5,Exynos 1280 (5 nm),Mali-G68,170.52,$,128GB 6GB RAM,https://www.amazon.com/dp/B0D364442S?tag=gsmarena093-20&linkCode=osi&th=1&psc=1,,phone,4
66f91f2af50d7cab4b2c3a9c,https://www.gsmarena.com/samsung_galaxy_s20_5g-10044.php,Samsung Galaxy S20 5G,https://fdn2.gsmarena.com/vv/bigpic/samsung-galaxy-s20-.jpg,4000,64,Cosmic Grey,Cloud Blue,Cloud Pink,Cloud White,Aura Red,6.2,Exynos 990 (7 nm+) - GlobalQualcomm SM8250 Snapdragon 865 5G (7 nm+) - USA,Mali-G77 MP11 - GlobalAdreno 650 - USA,174,$,128GB 8GB RAM,https://www.amazon.com/dp/B08BX67H68?tag=gsmarena093-20&linkCode=osi&th=1&psc=1,,phone,8
66f91f2af50d7cab4b2c3a69,https://www.gsmarena.com/samsung_galaxy_s21_5g-10626.php,Samsung Galaxy S21 5G,https://fdn2.gsmarena.com/vv/bigpic/samsung-galaxy-s21-5g-r.jpg,4000,64,Phantom Gray,Phantom White,Phantom Violet,Phantom Pink,,6.2,Exynos 2100 (5 nm) - InternationalQualcomm SM8350 Snapdragon 888 5G (5 nm) - USA/China,Mali-G78 MP14 - InternationalAdreno 660 - USA/China,177.69,$,128GB 8GB RAM,https://www.amazon.com/dp/B0933JJCNK?tag=gsmarena093-20&linkCode=osi&th=1&psc=1,8,phone,
66f91f2af50d7cab4b2c3a16,https://www.gsmarena.com/samsung_galaxy_a54-12070.php,Samsung Galaxy A54,https://fdn2.gsmarena.com/vv/bigpic/samsung-galaxy-a54.jpg,5000,50,Lime,Graphite,Violet,White,,6.4,Exynos 1380 (5 nm),Mali-G68 MP5,178,$,128GB 6GB RAM,https://www.amazon.com/dp/B0CJ5W4RXD?tag=gsmarena093-20&linkCode=osi&th=1&psc=1,,phone,4
66f91f2af50d7cab4b2c3d38,https://www.gsmarena.com/motorola_moto_g35-13288.php,Motorola Moto G35,https://fdn2.gsmarena.com/vv/bigpic/motorola-moto-g35-5g.jpg,5000,50,Leaf Green,Guava Red,Midnight Black,Sage Green,,6.72,Unisoc T760 (6 nm),Mali-G57,179,â‚¬,128GB 4GB RAM,https://www.amazon.de/dp/B0DCVVBHSF?tag=gsmarena0ca-21&linkCode=osi&th=1&psc=1,,phone,4
66f91f2af50d7cab4b2c3d67,https://www.gsmarena.com/motorola_moto_g13-12091.php,Motorola Moto G13,https://fdn2.gsmarena.com/vv/bigpic/motorola-moto-g13.jpg,5000,50,Matte Charcoal,Blue Lavender,Rose Gold,,,6.5,Mediatek MT6769Z Helio G85 (12 nm),Mali-G52 MC2,179.89,C$,128GB 4GB RAM,https://www.amazon.ca/dp/B0BYC48W11?tag=gsmarena0f3-20&linkCode=osi&th=1&psc=1,4,phone,
66f91f2af50d7cab4b2c3d6d,https://www.gsmarena.com/motorola_moto_g72-11910.php,Motorola Moto G72,https://fdn2.gsmarena.com/vv/bigpic/motorola-moto-g72-5g-.jpg,5000,108,Meteorite Gray,Polar Blue,Mineral White,,,6.6,Mediatek Helio G99 (6 nm),Mali-G57 MC2,179.99,$,128GB 6GB RAM,https://www.amazon.com/dp/B0BRYJWN5X?tag=gsmarena093-20&linkCode=osi&th=1&psc=1,,phone,6
66f91f2af50d7cab4b2c3a68,https://www.gsmarena.com/samsung_galaxy_s21+_5g-10625.php,Samsung Galaxy S21+ 5G,https://fdn2.gsmarena.com/vv/bigpic/samsung-galaxy-s21-plus-5g-.jpg,4800,64,Phantom Black,Phantom Silver,Phantom Violet,Phantom Pink,Phantom Gold,6.7,Exynos 2100 (5 nm) - InternationalQualcomm SM8350 Snapdragon 888 5G (5 nm) - USA/China,Mali-G78 MP14 - InternationalAdreno 660 - USA/China,184,Â£,128GB 8GB RAM,https://www.amazon.co.uk/dp/B092R9T8D3?tag=gsmcom-21&linkCode=osi&th=1&psc=1,8,phone,
66f91f2af50d7cab4b2c3ebd,https://www.gsmarena.com/oneplus_nord_2_5g-10960.php,OnePlus Nord 2 5G,https://fdn2.gsmarena.com/vv/bigpic/oneplus-nord-2-5g-new.jpg,4500,50,Gray Sierra,Blue Haze,Green Wood,Pac-Man Edition,,6.43,Mediatek Dimensity 1200 (6 nm),Mali-G77 MC9,185,$,128GB 8GB RAM,https://www.amazon.com/dp/B099RP45WH?tag=gsmarena093-20&linkCode=osi&th=1&psc=1,,phone,6
66f91f2af50d7cab4b2c3ec1,https://www.gsmarena.com/oneplus_9-10747.php,OnePlus 9,https://fdn2.gsmarena.com/vv/bigpic/oneplus-9-.jpg,4500,50,Winter Mist,Arctic Sky,Astral Black,,,6.55,Qualcomm SM8350 Snapdragon 888 5G (5 nm),Adreno 660,188.89,$,128GB 8GB RAM,https://www.amazon.com/dp/B08Y727NMK?tag=gsmarena093-20&linkCode=osi&th=1&psc=1,,phone,8
66f91f2af50d7cab4b2c3d90,https://www.gsmarena.com/motorola_moto_g31-11225.php,Motorola Moto G31,https://fdn2.gsmarena.com/vv/bigpic/motorola-moto-g31-baby-blue.jpg,5000,50,Mineral Grey,Baby Blue,,,,6.4,Mediatek MT6769Z Helio G85 (12 nm),Mali-G52 MC2,189,$,64GB 4GB RAM,https://www.amazon.com/dp/B09N9JL77Z?tag=gsmarena093-20&linkCode=osi&th=1&psc=1,4,phone,
66f91f2af50d7cab4b2c3a38,https://www.gsmarena.com/samsung_galaxy_m23-11403.php,Samsung Galaxy M23,https://fdn2.gsmarena.com/vv/bigpic/samsung-galaxy-m23.jpg,5000,50,Deep Green,Light Blue,Orange Copper,,,6.6,Qualcomm SM7225 Snapdragon 750G 5G (8 nm),Adreno 619,189.64,â‚¬,128GB 4GB RAM,https://www.amazon.de/dp/B09V7Y4YQH?tag=gsmarena0ca-21&linkCode=osi&th=1&psc=1,,phone,4
66f91f2af50d7cab4b2c3db1,https://www.gsmarena.com/motorola_moto_g_power_(2021)-10672.php,Motorola Moto G Power (2021),https://fdn2.gsmarena.com/vv/bigpic/motorola-moto-g9-power-2021.jpg,5000,48,Flash Gray,Polar Silver,,,,6.6,Qualcomm SM6115 Snapdragon 662 (11 nm),Adreno 610,189.99,$,32GB 3GB RAM,https://www.motorola.com/us/smartphones-moto-g-power-gen-2/p,,phone,3
66f91f2af50d7cab4b2c3d7b,https://www.gsmarena.com/motorola_moto_g62_5g-11602.php,Motorola Moto G62 5G,https://fdn2.gsmarena.com/vv/bigpic/motorola-moto-g62.jpg,5000,50,Midnight Gray,Frosted Blue,,,,6.5,Qualcomm SM4350-AC Snapdragon 480+ 5G (8 nm),Adreno 619,190.42,C$,128GB 4GB RAM,https://www.amazon.ca/dp/B0D97D4SCX?tag=gsmarena0f3-20&linkCode=osi&th=1&psc=1,4,phone,
66f91f2af50d7cab4b2c3a91,https://www.gsmarena.com/samsung_galaxy_m11-10124.php,Samsung Galaxy M11,https://fdn2.gsmarena.com/vv/bigpic/samsung-galaxy-m11-sm-m115.jpg,5000,13,Black,Metallic Blue,Violet,,,6.4,Qualcomm SDM450 Snapdragon 450 (14 nm),Adreno 506,194.99,Â£,32GB 3GB RAM,https://www.amazon.co.uk/dp/B08J7LRX98?tag=gsmcom-21&linkCode=osi&th=1&psc=1,,phone,3
66f91f2af50d7cab4b2c3d96,https://www.gsmarena.com/motorola_moto_e40-11112.php,Motorola Moto E40,https://fdn2.gsmarena.com/vv/bigpic/motorola-moto-e40-r.jpg,5000,48,Carbon Gray,Pink Clay,,,,6.5,Unisoc T700,Mali G52,198,$,64GB 4GB RAM,https://www.amazon.com/dp/B09JCK6G71?tag=gsmarena093-20&linkCode=osi&th=1&psc=1,4,phone,
66f91f2af50d7cab4b2c3a9a,https://www.gsmarena.com/samsung_galaxy_s20+-10080.php,Samsung Galaxy S20+,https://fdn2.gsmarena.com/vv/bigpic/samsung-galaxy-s20-plus.jpg,4500,64,Cosmic Black,Cosmic Grey,Cloud Blue,Cloud White,Aura Red,6.7,Exynos 990 (7 nm+) - GlobalQualcomm SM8250 Snapdragon 865 5G (7 nm+) - USA,Mali-G77 MP11 - GlobalAdreno 650 - USA,199.38,â‚¬,128GB 8GB RAM,https://www.amazon.de/dp/B084J4Y4LJ?tag=gsmarena0ca-21&linkCode=osi&th=1&psc=1,8,phone,
66f91f2af50d7cab4b2c3ebb,https://www.gsmarena.com/oneplus_nord_ce_2_5g-11269.php,OnePlus Nord CE 2 5G,https://fdn2.gsmarena.com/vv/bigpic/oneplus-nord-ce-2-5g.jpg,4500,64,Gray Mirror,Bahama Blue,,,,6.43,Mediatek Dimensity 900 (6 nm),Mali-G68 MC4,199.99,$,128GB 8GB RAM,https://www.amazon.com/dp/B09RG132Q5?tag=gsmarena093-20&linkCode=osi&th=1&psc=1,,phone,6
66f91f2af50d7cab4b2c3d88,https://www.gsmarena.com/motorola_moto_g_stylus_(2022)-11282.php,Motorola Moto G Stylus (2022),https://fdn2.gsmarena.com/vv/bigpic/motorola-moto-g-stylus-2022.jpg,5000,50,Twilight Blue,Metallic Rose,,,,6.8,Mediatek MT6769H Helio G88 (12 nm),Mali-G52 MC2,199.99,C$,128GB 6GB RAM,https://www.amazon.ca/dp/B0CDF9KRG5?tag=gsmarena0f3-20&linkCode=osi&th=1&psc=1,6,phone,
66f91f2af50d7cab4b2c3ea8,https://www.gsmarena.com/oneplus_nord_ce_3_lite-12198.php,OnePlus Nord CE 3 Lite,https://fdn2.gsmarena.com/vv/bigpic/oneplus-nord-ce-3-lite-.jpg,5000,108,Pastel Lime,Chromatic Gray,,,,6.72,Qualcomm SM6375 Snapdragon 695 5G (6 nm),Adreno 619,209,$,256GB 8GB RAM,https://www.amazon.com/dp/B0C5HSL3J6?tag=gsmarena093-20&linkCode=osi&th=1&psc=1,8,phone,
66f91f2af50d7cab4b2c3d55,https://www.gsmarena.com/motorola_moto_g54_power-12503.php,Motorola Moto G54 Power,https://fdn2.gsmarena.com/vv/bigpic/motorola-moto-g54-10.jpg,6000,50,Midnight Blue,Pearl Blue,Mint Green,,,6.5,Mediatek Dimensity 7020 (6 nm),IMG BXM-8-256,209.99,â‚¬,256GB 12GB RAM,https://www.amazon.de/dp/B0CW8SCQTB?tag=gsmarena0ca-21&linkCode=osi&th=1&psc=1,,phone,8
66f91f2af50d7cab4b2c3a3c,https://www.gsmarena.com/samsung_galaxy_s22+_5g-11252.php,Samsung Galaxy S22+ 5G,https://fdn2.gsmarena.com/vv/bigpic/samsung-galaxy-s22-plus-5g.jpg,4500,50,Phantom Black,White,Pink Gold,Green,Graphite,6.6,Exynos 2200 (4 nm) - EuropeQualcomm SM8450 Snapdragon 8 Gen 1 (4 nm) - ROW,Xclipse 920 - EuropeAdreno 730 - ROW,214.99,Â£,128GB 8GB RAM,https://www.amazon.co.uk/dp/B09NRS8DZY?tag=gsmcom-21&linkCode=osi&th=1&psc=1,8,phone,
66f91f2af50d7cab4b2c3d37,https://www.gsmarena.com/motorola_moto_g55-13278.php,Motorola Moto G55,https://fdn2.gsmarena.com/vv/bigpic/motorola-moto-g55-5g.jpg,5000,50,Forest Grey,Smoky Green,Twilight Purple,,,6.49,Mediatek Dimensity 7025 (6 nm),IMG BXM-8-256,216.64,Â£,128GB 8GB RAM,https://www.amazon.co.uk/dp/B0DCKF8XPX?tag=gsmcom-21&linkCode=osi&th=1&psc=1,8,phone,
66f91f2af50d7cab4b2c3a47,https://www.gsmarena.com/samsung_galaxy_m52_5g-11110.php,Samsung Galaxy M52 5G,https://fdn2.gsmarena.com/vv/bigpic/samsung-galaxy-m32-5g-.jpg,5000,64,Icy Blue,Blazing Black,White,,,6.7,Qualcomm SM7325 Snapdragon 778G 5G (6 nm),Adreno 642L,217.99,Â£,128GB 6GB RAM,https://www.amazon.co.uk/dp/B09G76D8RH?tag=gsmcom-21&linkCode=osi&th=1&psc=1,,phone,6
66f91f2af50d7cab4b2c3d44,https://www.gsmarena.com/motorola_moto_g_stylus_5g_(2024)-12787.php,Motorola Moto G Stylus 5G (2024),https://fdn2.gsmarena.com/vv/bigpic/motorola-moto-g-stylus-5g-2024.jpg,5000,50,Caramel Latte,Scarlet Wave,,,,6.7,Qualcomm SM6450 Snapdragon 6 Gen 1 (4 nm),Adreno 710,219.99,$,128GB 8GB RAM,https://www.amazon.com/dp/B0DFHPWJN6?tag=gsmarena093-20&linkCode=osi&th=1&psc=1,8,phone,
66f91f2af50d7cab4b2c3d99,https://www.gsmarena.com/motorola_moto_e20-11072.php,Motorola Moto E20,https://fdn2.gsmarena.com/vv/bigpic/motorola-moto-e20.jpg,4000,13,Blue,Gray,,,,6.5,Unisoc T606 (12 nm),Mali-G57 MP1,220,$,32GB 2GB RAM,https://www.amazon.com/dp/B09HMYBLWQ?tag=gsmarena093-20&linkCode=osi&th=1&psc=1,,phone,2
66f91f2af50d7cab4b2c3d56,https://www.gsmarena.com/motorola_moto_g84-12526.php,Motorola Moto G84,https://fdn2.gsmarena.com/vv/bigpic/motorola-moto-g84.jpg,5000,50,Marshmallow Blue,Midnight Blue,Viva Magenta,,,6.5,Qualcomm SM6375 Snapdragon 695 5G (6 nm),Adreno 619,220.65,$,256GB 12GB RAM,https://www.amazon.com/dp/B0CVC7NB14?tag=gsmarena093-20&linkCode=osi&th=1&psc=1,,phone,8
66f91f2af50d7cab4b2c3a9d,https://www.gsmarena.com/samsung_galaxy_s20-10081.php,Samsung Galaxy S20,https://fdn2.gsmarena.com/vv/bigpic/samsung-galaxy-s20-.jpg,4000,64,Cosmic Grey,Cloud Blue,Cloud Pink,Cloud White,Aura Red,6.2,Exynos 990 (7 nm+) - GlobalQualcomm SM8250 Snapdragon 865 5G (7 nm+) - USA,Mali-G77 MP11 - GlobalAdreno 650 - USA,221.03,â‚¬,128GB 8GB RAM,https://www.amazon.de/dp/B08N2VSFRZ?tag=gsmarena0ca-21&linkCode=osi&th=1&psc=1,8,phone,
66f91f2af50d7cab4b2c3d74,https://www.gsmarena.com/motorola_edge_(2022)-11777.php,Motorola Edge (2022),https://fdn2.gsmarena.com/vv/bigpic/motorola-edge-2022.jpg,5000,50,Grey,,,,,6.6,MediaTek Dimensity 1050 (6 nm),Arm Mali-G610 MC3,224.99,C$,128GB 6GB RAM,https://www.amazon.ca/dp/B0CKC5B32S?tag=gsmarena0f3-20&linkCode=osi&th=1&psc=1,,phone,6
66f91f2af50d7cab4b2c3ac2,https://www.gsmarena.com/samsung_galaxy_s10e-9537.php,Samsung Galaxy S10e,https://fdn2.gsmarena.com/vv/bigpic/samsung-galaxy-s10e.jpg,3100,16,Prism White,Prism Black,Prism Green,Prism Blue,Canary Yellow,5.8,Exynos 9820 (8 nm) - EMEA/LATAMQualcomm SM8150 Snapdragon 855 (7 nm) - USA/China,Mali-G76 MP12 - EMEA/LATAM Adreno 640 - USA/China,225,â‚¬,128GB 6GB RAM,https://www.amazon.de/dp/B07NWT1T64?tag=gsmarena0ca-21&linkCode=osi&th=1&psc=1,,phone,6
66f91f2af50d7cab4b2c3d12,https://www.gsmarena.com/apple_iphone_xs_max-9319.php,Apple iPhone XS Max,https://fdn2.gsmarena.com/vv/bigpic/apple-iphone-xs-max-new1.jpg,3174,12,Space Gray,Silver,Gold,,,6.5,Apple A12 Bionic (7 nm),Apple GPU (4-core graphics),225,$,64GB 4GB RAM,https://www.amazon.com/dp/B07KFMSQKX?tag=gsmarena093-20&linkCode=osi&th=1&psc=1,4,phone,
66f91f2af50d7cab4b2c3d64,https://www.gsmarena.com/motorola_moto_g73-12079.php,Motorola Moto G73,https://fdn2.gsmarena.com/vv/bigpic/motorola-moto-g73.jpg,5000,50,Lucent White,Midnight Blue,,,,6.5,Mediatek Dimensity 930 (6 nm),IMG BXM-8-256,227.46,$,256GB 8GB RAM,https://www.amazon.com/dp/B0BSLJNW5G?tag=gsmarena093-20&linkCode=osi&th=1&psc=1,8,phone,
66f91f2af50d7cab4b2c3a3d,https://www.gsmarena.com/samsung_galaxy_s22_5g-11253.php,Samsung Galaxy S22 5G,https://fdn2.gsmarena.com/vv/bigpic/samsung-galaxy-s22-5g.jpg,3700,50,Phantom Black,White,Pink Gold,Green,Graphite,6.1,Exynos 2200 (4 nm) - EuropeQualcomm SM8450 Snapdragon 8 Gen 1 (4 nm) - ROW,Xclipse 920 - EuropeAdreno 730 - ROW,227.82,Â£,128GB 8GB RAM,https://www.amazon.co.uk/dp/B09VT9628L?tag=gsmcom-21&linkCode=osi&th=1&psc=1,8,phone,
66f91f2af50d7cab4b2c3ea7,https://www.gsmarena.com/oneplus_nord_n30-12220.php,OnePlus Nord N30,https://fdn2.gsmarena.com/vv/bigpic/oneplus-nord-n30-5g.jpg,5000,108,Chromatic Gray,,,,,6.72,Qualcomm SM6375 Snapdragon 695 5G (6 nm),Adreno 619,229.99,$,128GB 8GB RAM,https://www.amazon.com/dp/B0CKLVTDWN?tag=gsmarena093-20&linkCode=osi&th=1&psc=1,8,phone,
66f91f2af50d7cab4b2c3a5f,https://www.gsmarena.com/samsung_galaxy_a72-10469.php,Samsung Galaxy A72,https://fdn2.gsmarena.com/vv/bigpic/samsung-galaxy-a72-4g.jpg,5000,64,Awesome Black,Awesome White,Awesome Violet,Awesome Blue,,6.7,Qualcomm SM7125 Snapdragon 720G (8 nm),Adreno 618,230,Â£,128GB 6GB RAM,https://www.amazon.co.uk/dp/B096PQ3VWZ?tag=gsmcom-21&linkCode=osi&th=1&psc=1,,phone,6
66f91f2af50d7cab4b2c3a7d,https://www.gsmarena.com/samsung_galaxy_note20_5g-10325.php,Samsung Galaxy Note20 5G,https://fdn2.gsmarena.com/vv/bigpic/samsung-galaxy-note20-5g-r.jpg,4300,64,Mystic Green,Mystic Bronze,Mystic Gray,Mystic Red,Mystic Blue,6.7,Exynos 990 (7 nm+) - GlobalQualcomm SM8250 Snapdragon 865 5G+ (7 nm+) - USA,Mali-G77 MP11 - GlobalAdreno 650 - USA,236.35,$,128GB 8GB RAM,https://www.amazon.com/dp/B08PDMKW8X?tag=gsmarena093-20&linkCode=osi&th=1&psc=1,8,phone,
66f91f2af50d7cab4b2c3e99,https://www.gsmarena.com/oneplus_nord_ce4_lite-13166.php,OnePlus Nord CE4 Lite,https://fdn2.gsmarena.com/vv/bigpic/oneplus-nord-ce4-lite-intl.jpg,5110,50,Super Silver,Mega Blue,,,,6.67,Qualcomm SM6375 Snapdragon 695 5G (6 nm),Adreno 619,239,Â£,256GB 8GB RAM,https://www.amazon.co.uk/dp/B0D47HKQJM?tag=gsmcom-21&linkCode=osi&th=1&psc=1,8,phone,
66f91f2af50d7cab4b2c3a4d,https://www.gsmarena.com/samsung_galaxy_z_flip3_5g-11044.php,Samsung Galaxy Z Flip3 5G,https://fdn2.gsmarena.com/vv/bigpic/samsung-galaxy-z-flip3-5g.jpg,3300,12,Phantom Black,Green,Lavender,Cream,White,6.7,Qualcomm SM8350 Snapdragon 888 5G (5 nm),Adreno 660,239.9,Â£,128GB 8GB RAM,https://www.amazon.co.uk/dp/B0BCX8LJVK?tag=gsmcom-21&linkCode=osi&th=1&psc=1,8,phone,
66f91f2af50d7cab4b2c3eba,https://www.gsmarena.com/oneplus_10_pro-11234.php,OnePlus 10 Pro,https://fdn2.gsmarena.com/vv/bigpic/oneplus-10-pro.jpg,5000,50,Volcanic Black,Emerald Forest,Panda White (Extreme Edition),,,6.7,Qualcomm SM8450 Snapdragon 8 Gen 1 (4 nm),Adreno 730,239.95,$,128GB 8GB RAM,https://www.amazon.com/dp/B0CKLT246F?tag=gsmarena093-20&linkCode=osi&th=1&psc=1,,phone,8
66f91f2af50d7cab4b2c3a7e,https://www.gsmarena.com/samsung_galaxy_note20-10338.php,Samsung Galaxy Note20,https://fdn2.gsmarena.com/vv/bigpic/samsung-galaxy-note20-5g-r.jpg,4300,64,Mystic Green,Mystic Bronze,Mystic Gray,Mystic Red,Mystic Blue,6.7,Exynos 990 (7 nm+) - GlobalQualcomm SM8250 Snapdragon 865 5G+ (7 nm+) - USA,Mali-G77 MP11 - GlobalAdreno 650 - USA,243.95,$,256GB 8GB RAM,https://www.amazon.com/dp/B096WB4JW6?tag=gsmarena093-20&linkCode=osi&th=1&psc=1,8,phone,
66f91f2af50d7cab4b2c3d4a,https://www.gsmarena.com/motorola_moto_g_power_(2024)-12867.php,Motorola Moto G Power (2024),https://fdn2.gsmarena.com/vv/bigpic/motorola-moto-g-power-2024.jpg,5000,50,Midnight Blue,Pale Lilac,,,,6.7,Mediatek Dimensity 7020 (6 nm),IMG BXM-8-256,244,$,128GB 8GB RAM,https://www.amazon.com/dp/B0CT6BQV81?tag=gsmarena093-20&linkCode=osi&th=1&psc=1,8,phone,
66f91f2af50d7cab4b2c3d09,https://www.gsmarena.com/apple_iphone_11-9848.php,Apple iPhone 11,https://fdn2.gsmarena.com/vv/bigpic/apple-iphone-11.jpg,3110,12,Black,Green,Yellow,Purple,Red,6.1,Apple A13 Bionic (7 nm+),Apple GPU (4-core graphics),247,â‚¬,64GB 4GB RAM,https://www.amazon.de/dp/B082DN72G3?tag=gsmarena0ca-21&linkCode=osi&th=1&psc=1,4,phone,
66f91f2af50d7cab4b2c3eb2,https://www.gsmarena.com/oneplus_10t-11622.php,OnePlus 10T,https://fdn2.gsmarena.com/vv/bigpic/oneplus-10t-5g.jpg,4800,50,Moonstone Black,Jade Green,,,,6.7,Qualcomm SM8475 Snapdragon 8+ Gen 1 (4 nm),Adreno 730,249.99,$,128GB 8GB RAM,https://www.amazon.com/dp/B0CP6M6WT3?tag=gsmarena093-20&linkCode=osi&th=1&psc=1,,phone,8
66f91f2af50d7cab4b2c3a17,https://www.gsmarena.com/samsung_galaxy_a34-12074.php,Samsung Galaxy A34,https://fdn2.gsmarena.com/vv/bigpic/samsung-galaxy-a34.jpg,5000,48,Lime,Graphite,Violet,Silver,,6.6,Mediatek Dimensity 1080 (6 nm),Mali-G68 MC4,249.99,$,128GB 6GB RAM,https://www.amazon.com/dp/B0BY3G27VJ?tag=gsmarena093-20&linkCode=osi&th=1&psc=1,,phone,4
66f91f2af50d7cab4b2c3e9e,https://www.gsmarena.com/oneplus_nord_n30_se-12811.php,OnePlus Nord N30 SE,https://fdn2.gsmarena.com/vv/bigpic/oneplus-nord-n30-se-5g.jpg,5000,50,Black Satin,Cyan,,,,6.72,Mediatek Dimensity 6020 (7 nm),Mali-G57 MC2,249.99,$,128GB 4GB RAM,https://www.amazon.com/dp/B0CTKR5Z7W?tag=gsmarena093-20&linkCode=osi&th=1&psc=1,4,phone,
66f91f2af50d7cab4b2c3d3f,https://www.gsmarena.com/motorola_moto_g85-13144.php,Motorola Moto G85,https://fdn2.gsmarena.com/vv/bigpic/motorola-moto-g85.jpg,5000,50,Olive Green,Cobalt Blue,Urban Grey,Magenta,,6.67,Qualcomm SM6375 Snapdragon 6s Gen 3 (6 nm),Adreno 619,249.99,Â£,256GB 8GB RAM,https://www.amazon.co.uk/dp/B0D62X3VBN?tag=gsmcom-21&linkCode=osi&th=1&psc=1,,phone,8
66f91f2af50d7cab4b2c3a04,https://www.gsmarena.com/samsung_galaxy_s23_fe-12520.php,Samsung Galaxy S23 FE,https://fdn2.gsmarena.com/vv/bigpic/samsung-galaxy-s23-fe.jpg,4500,50,Mint,Cream,Graphite,Purple,Indigo,6.4,Exynos 2200 (4 nm) - InternationalQualcomm SM8450 Snapdragon 8 Gen 1 (4 nm) - USA,Xclipse 920 - InternationalAdreno 730 - USA,259.99,$,128GB 8GB RAM,https://www.amazon.com/dp/B0D2367TJ6?tag=gsmarena093-20&linkCode=osi&th=1&psc=1,8,phone,
66f91f2af50d7cab4b2c3d6f,https://www.gsmarena.com/motorola_moto_e22-11883.php,Motorola Moto E22,https://fdn2.gsmarena.com/vv/bigpic/motorola-moto-e22.jpg,4020,16,Astro Black,Crystal Blue,,,,6.5,Mediatek MT6765V/CB Helio G37 (12 nm),PowerVR GE8320,266.99,$,32GB 3GB RAM,https://www.amazon.com/dp/B07KVWR7TB?tag=gsmarena093-20&linkCode=osi&th=1&psc=1,,phone,2
66f91f2af50d7cab4b2c3d7a,https://www.gsmarena.com/motorola_moto_g32-11733.php,Motorola Moto G32,https://fdn2.gsmarena.com/vv/bigpic/motorola-moto-g32.jpg,5000,50,Mineral Grey,Satin Silver,Rose Gold,,,6.5,Qualcomm SM6225 Snapdragon 680 4G (6 nm),Adreno 610,268,$,128GB 4GB RAM,https://www.amazon.com/dp/B0B8DNP6BB?tag=gsmarena093-20&linkCode=osi&th=1&psc=1,,phone,4
66f91f2af50d7cab4b2c3d08,https://www.gsmarena.com/apple_iphone_11_pro-9847.php,Apple iPhone 11 Pro,https://fdn2.gsmarena.com/vv/bigpic/apple-iphone-11-pro-max-.jpg,3046,12,Matte Space Gray,Matte Silver,Matte Gold,Matte Midnight Green,,5.8,Apple A13 Bionic (7 nm+),Apple GPU (4-core graphics),269.99,$,64GB 4GB RAM,https://www.amazon.com/dp/B07ZQQSMQS?tag=gsmarena093-20&linkCode=osi&th=1&psc=1,4,phone,
66f91f2af50d7cab4b2c3a2d,https://www.gsmarena.com/samsung_galaxy_xcover6_pro-11600.php,Samsung Galaxy XCover6 Pro,https://fdn2.gsmarena.com/vv/bigpic/samsung-galaxy-xcover6-pro-r.jpg,4050,50,Black,,,,,6.6,Qualcomm SM7325 Snapdragon 778G 5G (6 nm),Adreno 642L,277.17,$,128GB 6GB RAM,https://www.amazon.com/dp/B0CKY4M995?tag=gsmarena093-20&linkCode=osi&th=1&psc=1,6,phone,
66f91f2af50d7cab4b2c3d71,https://www.gsmarena.com/motorola_edge_30_fusion-11851.php,Motorola Edge 30 Fusion,https://fdn2.gsmarena.com/vv/bigpic/motorola-edge30-fusion.jpg,4400,50,Neptune Blue,Cosmic Grey,Solar Gold,Aurora White,Viva Magenta,6.55,Qualcomm SM8350 Snapdragon 888+ 5G (5 nm),Adreno 660,279.99,$,128GB 8GB RAM,https://www.amazon.com/dp/B0CKTX18S2?tag=gsmarena093-20&linkCode=osi&th=1&psc=1,,phone,6
66f91f2af50d7cab4b2c3a67,https://www.gsmarena.com/samsung_galaxy_s21_ultra_5g-10596.php,Samsung Galaxy S21 Ultra 5G,https://fdn2.gsmarena.com/vv/bigpic/samsung-galaxy-s21-ultra-5g-.jpg,5000,108,Phantom Black,Phantom Silver,Phantom Titanium,Phantom Navy,Phantom Brown,6.8,Exynos 2100 (5 nm) - InternationalQualcomm SM8350 Snapdragon 888 5G (5 nm) - USA/China,Mali-G78 MP14 - InternationalAdreno 660 - USA/China,280,Â£,128GB 12GB RAM,https://www.amazon.co.uk/dp/B08Y5Y2N7J?tag=gsmcom-21&linkCode=osi&th=1&psc=1,,phone,12
66f91f2af50d7cab4b2c3ebf,https://www.gsmarena.com/oneplus_nord_ce_5g-10944.php,OnePlus Nord CE 5G,https://fdn2.gsmarena.com/vv/bigpic/oneplus-nord-ce-5g.jpg,4500,64,Blue Void,Charkoal Ink,Silver Ray,,,6.43,Qualcomm SM7225 Snapdragon 750G 5G (8 nm),Adreno 619,282.98,â‚¬,128GB 8GB RAM,https://www.amazon.de/dp/B093T66X9W?tag=gsmarena0ca-21&linkCode=osi&th=1&psc=1,,phone,6
66f91f2af50d7cab4b2c3d07,https://www.gsmarena.com/apple_iphone_11_pro_max-9846.php,Apple iPhone 11 Pro Max,https://fdn2.gsmarena.com/vv/bigpic/apple-iphone-11-pro.jpg,3969,12,Matte Space Gray,Matte Silver,Matte Gold,Matte Midnight Green,,6.5,Apple A13 Bionic (7 nm+),Apple GPU (4-core graphics),289,$,64GB 4GB RAM,https://www.amazon.com/dp/B07ZZMRV8F?tag=gsmarena093-20&linkCode=osi&th=1&psc=1,4,phone,
66f91f2af50d7cab4b2c3d65,https://www.gsmarena.com/motorola_moto_g53-12028.php,Motorola Moto G53,https://fdn2.gsmarena.com/vv/bigpic/motorola-moto-g53.jpg,5000,50,Ink Blue,Arctic Silver,Pale Pink,,,6.5,Qualcomm SM4350-AC Snapdragon 480+ 5G (8 nm),Adreno 619,295,$,128GB 4GB RAM,https://www.amazon.com/dp/B0BW19H7BZ?tag=gsmarena093-20&linkCode=osi&th=1&psc=1,,phone,4
66f91f2af50d7cab4b2c39f3,https://www.gsmarena.com/samsung_galaxy_m55-12896.php,Samsung Galaxy M55,https://fdn2.gsmarena.com/vv/bigpic/samsung-galaxy-m55.jpg,5000,50,Dark Blue,Light Green,,,,6.7,Qualcomm SM7450-AB Snapdragon 7 Gen 1 (4 nm),Adreno 644,295.22,Â£,128GB 8GB RAM,https://www.amazon.co.uk/dp/B0CYPYM29G?tag=gsmcom-21&linkCode=osi&th=1&psc=1,,phone,8
66f91f2af50d7cab4b2c3d59,https://www.gsmarena.com/motorola_razr_40-12311.php,Motorola Razr 40,https://fdn2.gsmarena.com/vv/bigpic/motorola-razr-40.jpg,4200,64,Sage Green,Vanilla Cream,Summer Lilac,Grape Compote,Cherry Blossom,6.9,Qualcomm SM7450-AB Snapdragon 7 Gen 1 (4 nm),Adreno 644,299.99,$,128GB 8GB RAM,https://www.amazon.com/dp/B0CQ3HN14Q?tag=gsmarena093-20&linkCode=osi&th=1&psc=1,,phone,8
66f91f2af50d7cab4b2c3a35,https://www.gsmarena.com/samsung_galaxy_a33_5g-11429.php,Samsung Galaxy A33 5G,https://fdn2.gsmarena.com/vv/bigpic/samsung-galaxy-a33-5g.jpg,5000,48,Black,White,Blue,Peach,,6.4,Exynos 1280 (5 nm),Mali-G68,299.99,$,128GB 6GB RAM,https://www.amazon.com/dp/B09Y9H8PNG?tag=gsmarena093-20&linkCode=osi&th=1&psc=1,,phone,4
66f91f2af50d7cab4b2c39f5,https://www.gsmarena.com/samsung_galaxy_a55-12824.php,Samsung Galaxy A55,https://fdn2.gsmarena.com/vv/bigpic/samsung-galaxy-a55.jpg,5000,50,Iceblue,Lilac,Navy,Lemon,,6.6,Exynos 1480 (4 nm),Xclipse 530,299.99,$,128GB 8GB RAM,https://www.amazon.com/dp/B0CYJ63C5W?tag=gsmarena093-20&linkCode=osi&th=1&psc=1,,phone,6
66f91f2af50d7cab4b2c3a99,https://www.gsmarena.com/samsung_galaxy_s20+_5g-10041.php,Samsung Galaxy S20+ 5G,https://fdn2.gsmarena.com/vv/bigpic/samsung-galaxy-s20-plus.jpg,4500,64,Cosmic Black,Cosmic Grey,Cloud Blue,Cloud White,Aura Red,6.7,Exynos 990 (7 nm+) - GlobalQualcomm SM8250 Snapdragon 865 5G (7 nm+) - USA,Mali-G77 MP11 - GlobalAdreno 650 - USA,305,Â£,128GB 8GB RAM,https://www.amazon.co.uk/dp/B084GQ6VQT?tag=gsmcom-21&linkCode=osi&th=1&psc=1,,phone,8
66f91f2af50d7cab4b2c3a97,https://www.gsmarena.com/samsung_galaxy_s20_ultra_5g-10040.php,Samsung Galaxy S20 Ultra 5G,https://fdn2.gsmarena.com/vv/bigpic/samsung-galaxy-s20-ultra-.jpg,5000,108,Cosmic Grey,Cosmic Black,Cloud White,,,6.9,Exynos 990 (7 nm+) - GlobalQualcomm SM8250 Snapdragon 865 5G (7 nm+) - USA,Mali-G77 MP11 - GlobalAdreno 650 - USA,318.47,â‚¬,128GB 12GB RAM,https://www.amazon.de/dp/B0881PK15Q?tag=gsmarena0ca-21&linkCode=osi&th=1&psc=1,,phone,12
66f91f2af50d7cab4b2c3eb3,https://www.gsmarena.com/oneplus_nord_2t-11517.php,OnePlus Nord 2T,https://fdn2.gsmarena.com/vv/bigpic/oneplus-nord-2t.jpg,4500,50,Gray Shadow,Jade Fog,,,,6.43,Mediatek Dimensity 1300 (6 nm),Mali-G77 MC9,319.99,$,128GB 8GB RAM,https://www.amazon.com/dp/B0B12619B8?tag=gsmarena093-20&linkCode=osi&th=1&psc=1,,phone,8
66f91f2af50d7cab4b2c3d58,https://www.gsmarena.com/motorola_razr_40_ultra-12169.php,Motorola Razr 40 Ultra,https://fdn2.gsmarena.com/vv/bigpic/motorola-razr-40-ultra.jpg,3800,13,Infinite Black,Glacier Blue,Viva Magenta,Peach Fuzz,,6.9,Qualcomm SM8475 Snapdragon 8+ Gen 1 (4 nm),Adreno 730,320.08,$,256GB 8GB RAM,https://www.amazon.com/dp/B0CLBJ7C9P?tag=gsmarena093-20&linkCode=osi&th=1&psc=1,,phone,8
66f91f2af50d7cab4b2c3a31,https://www.gsmarena.com/samsung_galaxy_m53-11439.php,Samsung Galaxy M53,https://fdn2.gsmarena.com/vv/bigpic/samsung-galaxy-m53-5g.jpg,5000,108,Green,Blue,Brown,,,6.7,Mediatek Dimensity 900 (6 nm),Mali-G68 MC4,321.45,Â£,128GB 8GB RAM,https://www.amazon.co.uk/dp/B09TLBZGYS?tag=gsmcom-21&linkCode=osi&th=1&psc=1,,phone,6
66f91f2af50d7cab4b2c39f6,https://www.gsmarena.com/samsung_galaxy_a35-12705.php,Samsung Galaxy A35,https://fdn2.gsmarena.com/vv/bigpic/samsung-galaxy-a35.jpg,5000,50,Iceblue,Lilac,Navy,Lemon,,6.6,Exynos 1380 (5 nm),Mali-G68 MP5,324.99,$,128GB 6GB RAM,https://www.amazon.com/dp/B0CV4NH5T9?tag=gsmarena093-20&linkCode=osi&th=1&psc=1,,phone,6
66f91f2af50d7cab4b2c3d7c,https://www.gsmarena.com/motorola_moto_g42-11608.php,Motorola Moto G42,https://fdn2.gsmarena.com/vv/bigpic/motorola-moto-g42-r.jpg,5000,50,Atlantic Green,Metallic Rose,,,,6.4,Qualcomm SM6225 Snapdragon 680 4G (6 nm),Adreno 610,345,$,128GB 4GB RAM,https://www.amazon.com/dp/B0B51ZVGJ2?tag=gsmarena093-20&linkCode=osi&th=1&psc=1,4,phone,
66f91f2af50d7cab4b2c3cf1,https://www.gsmarena.com/apple_iphone_13-11103.php,Apple iPhone 13,https://fdn2.gsmarena.com/vv/bigpic/apple-iphone-13.jpg,3240,12,Starlight,Midnight,Blue,Pink,Red,6.1,Apple A15 Bionic (5 nm),Apple GPU (4-core graphics),349,$,128GB 4GB RAM,https://www.amazon.com/dp/B09LNC7VHR?tag=gsmarena093-20&linkCode=osi&th=1&psc=1,4,phone,
66f91f2af50d7cab4b2c3a54,https://www.gsmarena.com/samsung_galaxy_m32-10887.php,Samsung Galaxy M32,https://fdn2.gsmarena.com/vv/bigpic/samsung-galaxy-m32.jpg,6000,64,Black,Light Blue,,,,6.4,Mediatek MT6769V/CU Helio G80 (12 nm),Mali-G52 MC2,349,Â£,128GB 6GB RAM,https://www.amazon.co.uk/dp/B097CD2LC4?tag=gsmcom-21&linkCode=osi&th=1&psc=1,,phone,4
66f91f2af50d7cab4b2c3d52,https://www.gsmarena.com/motorola_edge_(2023)-12620.php,Motorola Edge (2023),https://fdn2.gsmarena.com/vv/bigpic/motorola-edge-2023.jpg,4400,50,Eclipse Black,,,,,6.6,MediaTek Dimensity 7030 (6 nm),Mali-G610 MC3,349.99,$,256GB 8GB RAM,https://www.motorola.com/us/smartphones-motorola-edge-gen-4/p,8,phone,
66f91f2af50d7cab4b2c3a26,https://www.gsmarena.com/samsung_galaxy_z_flip4-11538.php,Samsung Galaxy Z Flip4,https://fdn2.gsmarena.com/vv/bigpic/samsung-galaxy-z-flip4-5g.jpg,3700,12,Bora Purple,Graphite,Pink Gold,Blue,Yellow,6.7,Qualcomm SM8475 Snapdragon 8+ Gen 1 (4 nm),Adreno 730,351,$,128GB 8GB RAM,https://www.amazon.com/dp/B0BQ36W2LS?tag=gsmarena093-20&linkCode=osi&th=1&psc=1,8,phone,
66f91f2af50d7cab4b2c3a1b,https://www.gsmarena.com/samsung_galaxy_s23-12082.php,Samsung Galaxy S23,https://fdn2.gsmarena.com/vv/bigpic/samsung-galaxy-s23-5g.jpg,3900,50,Phantom Black,Cream,Green,Lavender,Graphite,6.1,Qualcomm SM8550-AC Snapdragon 8 Gen 2 (4 nm),Adreno 740,354.9,$,128GB 8GB RAM,https://www.amazon.com/dp/B0CJSS57BH?tag=gsmarena093-20&linkCode=osi&th=1&psc=1,8,phone,
66f91f2af50d7cab4b2c3d9e,https://www.gsmarena.com/motorola_edge_20_pro-11004.php,Motorola Edge 20 Pro,https://fdn2.gsmarena.com/vv/bigpic/motorola-edge20-pro-.jpg,4500,108,Midnight Blue,Blue Vegan Leather,Iridescent Cloud,,,6.7,Qualcomm SM8250-AC Snapdragon 870 5G (7 nm),Adreno 650,359.95,$,256GB 12GB RAM,https://www.amazon.com/dp/B0CCC5YNS9?tag=gsmarena093-20&linkCode=osi&th=1&psc=1,,phone,6
66f91f2af50d7cab4b2c3a3b,https://www.gsmarena.com/samsung_galaxy_s22_ultra_5g-11251.php,Samsung Galaxy S22 Ultra 5G,https://fdn2.gsmarena.com/vv/bigpic/samsung-galaxy-s22-ultra-5g.jpg,5000,108,Phantom Black,White,Burgundy,Green,Graphite,6.8,Exynos 2200 (4 nm) - EuropeQualcomm SM8450 Snapdragon 8 Gen 1 (4 nm) - ROW,Xclipse 920 - EuropeAdreno 730 - ROW,365.95,$,128GB 8GB RAM,https://www.amazon.com/dp/B0BF73NVN6?tag=gsmarena093-20&linkCode=osi&th=1&psc=1,,phone,8
66f91f2af50d7cab4b2c3dab,https://www.gsmarena.com/motorola_moto_g30-10724.php,Motorola Moto G30,https://fdn2.gsmarena.com/vv/bigpic/motorola-moto-g30.jpg,5000,64,Phantom Black (Dark Pearl),Pastel Sky,,,,6.5,Qualcomm SM6115 Snapdragon 662 (11 nm),Adreno 610,370.99,$,64GB 4GB RAM,https://www.amazon.com/dp/B095KVFYCV?tag=gsmarena093-20&linkCode=osi&th=1&psc=1,,phone,4
66f91f2af50d7cab4b2c3ea6,https://www.gsmarena.com/oneplus_nord_3-12135.php,OnePlus Nord 3,https://fdn2.gsmarena.com/vv/bigpic/oneplus-nord-3r.jpg,5000,50,Misty Green,Tempest Gray,,,,6.74,Mediatek Dimensity 9000 (4 nm),Mali-G710 MC10,375,Â£,128GB 8GB RAM,https://www.amazon.co.uk/dp/B0C5F4FFQC?tag=gsmcom-21&linkCode=osi&th=1&psc=1,,phone,8
66f91f2af50d7cab4b2c3a37,https://www.gsmarena.com/samsung_galaxy_m33-11404.php,Samsung Galaxy M33,https://fdn2.gsmarena.com/vv/bigpic/samsung-galaxy-m33.jpg,6000,50,Green,Blue,Brown,,,6.6,Exynos 1280 (5 nm),Mali-G68,375.63,Â£,128GB 6GB RAM,https://www.amazon.co.uk/dp/B09SGF63DZ?tag=gsmcom-21&linkCode=osi&th=1&psc=1,,phone,6
66f91f2af50d7cab4b2c3d8d,https://www.gsmarena.com/motorola_moto_g71_5g-11223.php,Motorola Moto G71 5G,https://fdn2.gsmarena.com/vv/bigpic/motorola-moto-g71-5g-neptune-green.jpg,5000,50,Neptune Green,Arctic Blue,Iron Black,,,6.4,Qualcomm SM6375 Snapdragon 695 5G (6 nm),Adreno 619,390,$,128GB 6GB RAM,https://www.amazon.com/dp/B09RBF4W8L?tag=gsmarena093-20&linkCode=osi&th=1&psc=1,,phone,4
66f91f2af50d7cab4b2c3d5b,https://www.gsmarena.com/motorola_edge_40-12204.php,Motorola Edge 40,https://fdn2.gsmarena.com/vv/bigpic/motorola-edge-40.jpg,4400,50,Nebula Green,Lunar Blue,Eclipse Black,Viva Magenta,,6.55,Mediatek Dimensity 8020 (6 nm),Mali-G77 MC9,399,$,256GB 8GB RAM,https://www.amazon.com/dp/B0C2QTMJF4?tag=gsmarena093-20&linkCode=osi&th=1&psc=1,8,phone,
66f91f2af50d7cab4b2c3d36,https://www.gsmarena.com/motorola_edge_50_neo-13224.php,Motorola Edge 50 Neo,https://fdn2.gsmarena.com/vv/bigpic/motorola-edge-50-neo.jpg,4310,50,Nautical Blue,Latte,Grisaille,Poinciana,,6.4,Mediatek Dimensity 7300 (4 nm),Mali-G615 MC2,399.99,Â£,512GB 12GB RAM,https://www.amazon.co.uk/dp/B0DBW1HSF5?tag=gsmcom-21&linkCode=osi&th=1&psc=1,,phone,8
66f91f2af50d7cab4b2c3d72,https://www.gsmarena.com/motorola_edge_30_neo-11635.php,Motorola Edge 30 Neo,https://fdn2.gsmarena.com/vv/bigpic/motorola-edge30-neo-.jpg,4020,64,Very Peri,Black Onyx,Ice Palace,Aqua Foam,,6.28,Qualcomm SM6375 Snapdragon 695 5G (6 nm),Adreno 619,410,$,128GB 8GB RAM,https://www.amazon.com/dp/B0BD1Z7CQQ?tag=gsmarena093-20&linkCode=osi&th=1&psc=1,,phone,6
66f91f2af50d7cab4b2c3a0b,https://www.gsmarena.com/samsung_galaxy_z_flip5-12252.php,Samsung Galaxy Z Flip5,https://fdn2.gsmarena.com/vv/bigpic/samsung-galaxy-z-flip5-5g.jpg,3700,12,Mint,Graphite,Cream,Lavender,Gray,6.7,Qualcomm SM8550-AC Snapdragon 8 Gen 2 (4 nm),Adreno 740,414.99,$,256GB 8GB RAM,https://www.amazon.com/dp/B0D94SDB9M?tag=gsmarena093-20&linkCode=osi&th=1&psc=1,8,phone,
66f91f2af50d7cab4b2c3a4c,https://www.gsmarena.com/samsung_galaxy_z_fold3_5g-10906.php,Samsung Galaxy Z Fold3 5G,https://fdn2.gsmarena.com/vv/bigpic/samsung-galaxy-z-fold3-5g.jpg,4400,12,Phantom Black,Phantom Silver,Phantom Green,Thom Browne Edition,Wooyoungmi Edition,7.6,Qualcomm SM8350 Snapdragon 888 5G (5 nm),Adreno 660,416.81,$,256GB 12GB RAM,https://www.amazon.com/dp/B0BHKPXMMT?tag=gsmarena093-20&linkCode=osi&th=1&psc=1,12,phone,
66f91f2af50d7cab4b2c3cfa,https://www.gsmarena.com/apple_iphone_12_pro_max-10237.php,Apple iPhone 12 Pro Max,https://fdn2.gsmarena.com/vv/bigpic/apple-iphone-12-pro-max-.jpg,3687,12,Silver,Graphite,Gold,Pacific Blue,,6.7,Apple A14 Bionic (5 nm),Apple GPU (4-core graphics),419.99,$,128GB 6GB RAM,https://www.amazon.com/dp/B08PM9QBSF?tag=gsmarena093-20&linkCode=osi&th=1&psc=1,6,phone,
66f91f2af50d7cab4b2c3ebc,https://www.gsmarena.com/oneplus_9rt_5g-11148.php,OnePlus 9RT 5G,https://fdn2.gsmarena.com/vv/bigpic/oneplus-9-rt-r.jpg,4500,50,Hacker Black,Nano Silver,Blue,,,6.62,Qualcomm SM8350 Snapdragon 888 5G (5 nm),Adreno 660,419.99,$,128GB 8GB RAM,https://www.amazon.com/dp/B09MV5VFGL?tag=gsmarena093-20&linkCode=osi&th=1&psc=1,,phone,8
66f91f2af50d7cab4b2c3d47,https://www.gsmarena.com/motorola_edge_50_pro-12909.php,Motorola Edge 50 Pro,https://fdn2.gsmarena.com/vv/bigpic/motorola-edge50-pro.jpg,4500,50,Luxe Lavender,Black Beauty,Moonlight Pearl,Vanilla Cream,,6.7,Qualcomm SM7550-AB Snapdragon 7 Gen 3 (4 nm),Adreno 720,423.54,Â£,512GB 12GB RAM,https://www.amazon.co.uk/dp/B0CYQ44FKL?tag=gsmcom-21&linkCode=osi&th=1&psc=1,,phone,8
66f91f2af50d7cab4b2c3d5c,https://www.gsmarena.com/motorola_edge+_(2023)-12251.php,Motorola Edge+ (2023),https://fdn2.gsmarena.com/vv/bigpic/motorola-edge-plus-2023.jpg,5100,50,Interstellar Black,,,,,6.67,Qualcomm SM8550-AB Snapdragon 8 Gen 2 (4 nm),Adreno 740,424.99,$,512GB 8GB RAM,https://www.amazon.com/dp/B0CGC9T5M6?tag=gsmarena093-20&linkCode=osi&th=1&psc=1,8,phone,
66f91f2af50d7cab4b2c3d9f,https://www.gsmarena.com/motorola_edge_20-11034.php,Motorola Edge 20,https://fdn2.gsmarena.com/vv/bigpic/motorola-edge-20.jpg,4000,108,Frosted Grey,Frosted White,Frosted Emerald,,,6.7,Qualcomm SM7325 Snapdragon 778G 5G (6 nm),Adreno 642L,425,$,128GB 8GB RAM,https://www.amazon.com/dp/B09BCZYD71?tag=gsmarena093-20&linkCode=osi&th=1&psc=1,,phone,6
66f91f2af50d7cab4b2c3ab2,https://www.gsmarena.com/samsung_galaxy_note10+-9732.php,Samsung Galaxy Note10+,https://fdn2.gsmarena.com/vv/bigpic/samsung-galaxy-note10-plus-.jpg,4300,12,Aura Glow,Aura White,Aura Black,Aura Blue,,6.8,Exynos 9825 (7 nm) - EMEA/LATAMQualcomm SM8150 Snapdragon 855 (7 nm) - USA/China,Mali-G76 MP12 - EMEA/LATAMAdreno 640 - USA/China,429.99,â‚¬,256GB 12GB RAM,https://www.amazon.de/dp/B07WC18M6V?tag=gsmarena0ca-21&linkCode=osi&th=1&psc=1,12,phone,
66f91f2af50d7cab4b2c3ce7,https://www.gsmarena.com/apple_iphone_14_plus-11862.php,Apple iPhone 14 Plus,https://fdn2.gsmarena.com/vv/bigpic/apple-iphone-14-plus.jpg,4323,12,Midnight,Purple,Starlight,Blue,Red,6.7,Apple A15 Bionic (5 nm),Apple GPU (5-core graphics),429.99,$,128GB 6GB RAM,https://www.amazon.com/dp/B0BN971RBD?tag=gsmarena093-20&linkCode=osi&th=1&psc=1,6,phone,
66f91f2af50d7cab4b2c3d42,https://www.gsmarena.com/motorola_edge_(2024)-13111.php,Motorola Edge (2024),https://fdn2.gsmarena.com/vv/bigpic/motorola-edge-2024.jpg,5000,50,Black,,,,,6.6,Qualcomm SM7435-AB Snapdragon 7s Gen 2 (4 nm),Adreno 710,449.99,$,256GB 8GB RAM,https://www.amazon.com/dp/B0D2JB6HP5?tag=gsmarena093-20&linkCode=osi&th=1&psc=1,8,phone,
66f91f2af50d7cab4b2c3d46,https://www.gsmarena.com/motorola_edge_50_fusion-12871.php,Motorola Edge 50 Fusion,https://fdn2.gsmarena.com/vv/bigpic/motorola-edge-50-fusion.jpg,5000,50,Forest Blue,Marshmallow Blue,Hot Pink,,,6.7,Qualcomm SM7435-AB Snapdragon 7s Gen 2 (4 nm) - InternationalQualcomm SM6450 Snapdragon 6 Gen 1 (4 nm) - LATAM,Adreno 710,450,$,256GB 12GB RAM,https://www.amazon.com/dp/B0CYQHGGG6?tag=gsmarena093-20&linkCode=osi&th=1&psc=1,,phone,8
66f91f2af50d7cab4b2c3ce8,https://www.gsmarena.com/apple_iphone_14-11861.php,Apple iPhone 14,https://fdn2.gsmarena.com/vv/bigpic/apple-iphone-14.jpg,3279,12,Midnight,Purple,Starlight,Blue,Red,6.1,Apple A15 Bionic (5 nm),Apple GPU (5-core graphics),461.99,$,128GB 6GB RAM,https://www.amazon.com/dp/B0BN72FYFG?tag=gsmarena093-20&linkCode=osi&th=1&psc=1,6,phone,
66f91f2af50d7cab4b2c3a1a,https://www.gsmarena.com/samsung_galaxy_s23+-12083.php,Samsung Galaxy S23+,https://fdn2.gsmarena.com/vv/bigpic/samsung-galaxy-s23-plus-5g.jpg,4700,50,Phantom Black,Cream,Green,Lavender,Graphite,6.6,Qualcomm SM8550-AC Snapdragon 8 Gen 2 (4 nm),Adreno 740,467.59,$,256GB 8GB RAM,https://www.amazon.com/dp/B0CDMTBBW2?tag=gsmarena093-20&linkCode=osi&th=1&psc=1,8,phone,
66f91f2af50d7cab4b2c39fc,https://www.gsmarena.com/samsung_galaxy_s24-12773.php,Samsung Galaxy S24,https://fdn2.gsmarena.com/vv/bigpic/samsung-galaxy-s24-5g-sm-s921.jpg,4000,50,Onyx Black,Marble Grey,Cobalt Violet,Amber Yellow,Jade Green,6.2,Qualcomm SM8650-AC Snapdragon 8 Gen 3 (4 nm) - USA/Canada/ChinaExynos 2400 (4 nm) - International,Adreno 750 (1 GHz) - USA/Canada/ChinaXclipse 940 - International,469.98,$,128GB 8GB RAM,https://www.amazon.com/dp/B0D2Z3C3TZ?tag=gsmarena093-20&linkCode=osi&th=1&psc=1,,phone,8
66f91f2af50d7cab4b2c3d84,https://www.gsmarena.com/motorola_moto_g52-11457.php,Motorola Moto G52,https://fdn2.gsmarena.com/vv/bigpic/motorola-moto-g52.jpg,5000,50,Charcoal Gray,Porcelain White,,,,6.6,Qualcomm SM6225 Snapdragon 680 4G (6 nm),Adreno 610,470,$,128GB 4GB RAM,https://www.amazon.com/dp/B09Y277DCC?tag=gsmarena093-20&linkCode=osi&th=1&psc=1,,phone,4
66f91f2af50d7cab4b2c3cf0,https://www.gsmarena.com/apple_iphone_13_pro-11102.php,Apple iPhone 13 Pro,https://fdn2.gsmarena.com/vv/bigpic/apple-iphone-13-pro.jpg,3095,12,Graphite,Gold,Silver,Sierra Blue,Alpine Green,6.1,Apple A15 Bionic (5 nm),Apple GPU (5-core graphics),478,$,128GB 6GB RAM,https://www.amazon.com/dp/B0B5FLL9QJ?tag=gsmarena093-20&linkCode=osi&th=1&psc=1,6,phone,
66f91f2af50d7cab4b2c3d53,https://www.gsmarena.com/motorola_edge_40_neo-12467.php,Motorola Edge 40 Neo,https://fdn2.gsmarena.com/vv/bigpic/motorola-edge-40-neo.jpg,5000,50,Black,Soothing Sea,Caneel Bay,Peach Fuzz,,6.55,MediaTek Dimensity 7030 (6 nm),Mali-G610 MC3,489.99,$,256GB 12GB RAM,https://www.amazon.com/dp/B0CK1VBS4R?tag=gsmarena093-20&linkCode=osi&th=1&psc=1,,phone,8
66f91f2af50d7cab4b2c3ec2,https://www.gsmarena.com/oneplus_9r-10807.php,OnePlus 9R,https://fdn2.gsmarena.com/vv/bigpic/oneplus-9r.jpg,4500,48,Carbon Black,Lake Blue,,,,6.55,Qualcomm SM8250-AC Snapdragon 870 5G (7 nm),Adreno 650,495,$,256GB 12GB RAM,https://www.amazon.com/dp/B0995S5YJ1?tag=gsmarena093-20&linkCode=osi&th=1&psc=1,,phone,8
66f91f2af50d7cab4b2c3a34,https://www.gsmarena.com/samsung_galaxy_a53_5g-11268.php,Samsung Galaxy A53 5G,https://fdn2.gsmarena.com/vv/bigpic/samsung-galaxy-a53-5g-.jpg,5000,64,Black,White,Blue,Peach,,6.5,Exynos 1280 (5 nm),Mali-G68,499.99,$,128GB 4GB RAM,https://www.samsung.com/us/mobile/phones/galaxy-a/buy/?modelCode=SM-A536VZKAVZW,,phone,4
66f91f2af50d7cab4b2c3e9f,https://www.gsmarena.com/oneplus_12r-12727.php,OnePlus 12R,https://fdn2.gsmarena.com/vv/bigpic/oneplus-12r-new.jpg,5500,50,Iron Gray,Cool Blue,Electric Violet,Sunset Dune,,6.78,Qualcomm SM8550-AB Snapdragon 8 Gen 2 (4 nm),Adreno 740,499.99,$,128GB 8GB RAM,https://www.amazon.com/dp/B0CQ9SZ6CP?tag=gsmarena093-20&linkCode=osi&th=1&psc=1,,phone,8
66f91f2af50d7cab4b2c3d81,https://www.gsmarena.com/motorola_edge_30-11500.php,Motorola Edge 30,https://fdn2.gsmarena.com/vv/bigpic/motorola-edge-30-.jpg,4020,50,Meteor Grey,Supermoon Silver,Aurora Green,,,6.5,Qualcomm SM7325-AE Snapdragon 778G+ 5G (6 nm),Adreno 642L,509,$,128GB 8GB RAM,https://www.amazon.com/dp/B09VCFFBV4?tag=gsmarena093-20&linkCode=osi&th=1&psc=1,,phone,6
66f91f2af50d7cab4b2c3d85,https://www.gsmarena.com/motorola_moto_g22-11365.php,Motorola Moto G22,https://fdn2.gsmarena.com/vv/bigpic/motorola-moto-g22.jpg,5000,50,Pearl White,Iceberg Blue,Cosmic Black,Mint Green,,6.5,Mediatek MT6765V/CB Helio G37 (12 nm),PowerVR GE8320,515,$,128GB 4GB RAM,https://www.amazon.com/dp/B09WVRNL4K?tag=gsmarena093-20&linkCode=osi&th=1&psc=1,4,phone,
66f91f2af50d7cab4b2c3cde,https://www.gsmarena.com/apple_iphone_15-12559.php,Apple iPhone 15,https://fdn2.gsmarena.com/vv/bigpic/apple-iphone-15.jpg,3349,48,Black,Blue,Green,Yellow,Pink,6.1,Apple A16 Bionic (4 nm),Apple GPU (5-core graphics),526.9,$,128GB 6GB RAM,https://www.amazon.com/dp/B0CMPLQNBJ?tag=gsmarena093-20&linkCode=osi&th=1&psc=1,6,phone,
66f91f2af50d7cab4b2c3cef,https://www.gsmarena.com/apple_iphone_13_pro_max-11089.php,Apple iPhone 13 Pro Max,https://fdn2.gsmarena.com/vv/bigpic/apple-iphone-13-pro-max.jpg,4352,12,Graphite,Gold,Silver,Sierra Blue,Alpine Green,6.7,Apple A15 Bionic (5 nm),Apple GPU (5-core graphics),526.9,$,128GB 6GB RAM,https://www.amazon.com/dp/B09LPF4L55?tag=gsmarena093-20&linkCode=osi&th=1&psc=1,6,phone,
66f91f2af50d7cab4b2c3eb8,https://www.gsmarena.com/oneplus_nord_ce_2_lite_5g-11344.php,OnePlus Nord CE 2 Lite 5G,https://fdn2.gsmarena.com/vv/bigpic/oneplus-nord-ce-2-lite-5g-0.jpg,5000,64,Black Dusk,Blue Tide,,,,6.59,Qualcomm SM6375 Snapdragon 695 5G (6 nm),Adreno 619,545,$,128GB 8GB RAM,https://www.amazon.com/dp/B09WVJMBVN?tag=gsmarena093-20&linkCode=osi&th=1&psc=1,,phone,6
66f91f2af50d7cab4b2c3ec0,https://www.gsmarena.com/oneplus_9_pro-10806.php,OnePlus 9 Pro,https://fdn2.gsmarena.com/vv/bigpic/oneplus-9-pro-.jpg,4500,50,Morning Mist,Forest Green,Stellar Black,,,6.7,Qualcomm SM8350 Snapdragon 888 5G (5 nm),Adreno 660,550,$,256GB 12GB RAM,https://www.amazon.com/dp/B091N9SJKJ?tag=gsmarena093-20&linkCode=osi&th=1&psc=1,,phone,8
66f91f2af50d7cab4b2c39fb,https://www.gsmarena.com/samsung_galaxy_s24+-12772.php,Samsung Galaxy S24+,https://fdn2.gsmarena.com/vv/bigpic/samsung-galaxy-s24-plus-5g-sm-s926.jpg,4900,50,Onyx Black,Marble Grey,Cobalt Violet,Amber Yellow,Jade Green,6.7,Qualcomm SM8650-AC Snapdragon 8 Gen 3 (4 nm) - USA/Canada/ChinaExynos 2400 (4 nm) - International,Adreno 750 (1 GHz) - USA/Canada/ChinaXclipse 940 - International,574.9,$,256GB 12GB RAM,https://www.amazon.com/dp/B0D94W1KF6?tag=gsmarena093-20&linkCode=osi&th=1&psc=1,12,phone,
66f91f2af50d7cab4b2c3ce6,https://www.gsmarena.com/apple_iphone_14_pro-11860.php,Apple iPhone 14 Pro,https://fdn2.gsmarena.com/vv/bigpic/apple-iphone-14-pro.jpg,3200,48,Space Black,Silver,Gold,Deep Purple,,6.1,Apple A16 Bionic (4 nm),Apple GPU (5-core graphics),594.4,$,128GB 6GB RAM,https://www.amazon.com/dp/B0BN951CQS?tag=gsmarena093-20&linkCode=osi&th=1&psc=1,6,phone,
66f91f2af50d7cab4b2c3cdd,https://www.gsmarena.com/apple_iphone_15_plus-12558.php,Apple iPhone 15 Plus,https://fdn2.gsmarena.com/vv/bigpic/apple-iphone-15-plus-.jpg,4383,48,Black,Blue,Green,Yellow,Pink,6.7,Apple A16 Bionic (4 nm),Apple GPU (5-core graphics),595,$,128GB 6GB RAM,https://www.amazon.com/dp/B0CMSTFHPB?tag=gsmarena093-20&linkCode=osi&th=1&psc=1,6,phone,
66f91f2af50d7cab4b2c3ead,https://www.gsmarena.com/oneplus_11-11893.php,OnePlus 11,https://fdn2.gsmarena.com/vv/bigpic/oneplus-11.jpg,5000,50,Titan Black,Eternal Green,Jupiter Rock,,,6.7,Qualcomm SM8550-AB Snapdragon 8 Gen 2 (4 nm),Adreno 740,595,$,256GB 12GB RAM,https://www.amazon.com/dp/B0BSL3BDGS?tag=gsmarena093-20&linkCode=osi&th=1&psc=1,,phone,8
66f91f2af50d7cab4b2c3a33,https://www.gsmarena.com/samsung_galaxy_a73_5g-11257.php,Samsung Galaxy A73 5G,https://fdn2.gsmarena.com/vv/bigpic/samsung-galaxy-a73-5g.jpg,5000,108,Gray,Mint,White,,,6.7,Qualcomm SM7325 Snapdragon 778G 5G (6 nm),Adreno 642L,599,$,128GB 8GB RAM,https://www.amazon.com/dp/B09WDGRRJB?tag=gsmarena093-20&linkCode=osi&th=1&psc=1,,phone,6
66f91f2af50d7cab4b2c3a19,https://www.gsmarena.com/samsung_galaxy_s23_ultra-12024.php,Samsung Galaxy S23 Ultra,https://fdn2.gsmarena.com/vv/bigpic/samsung-galaxy-s23-ultra-5g.jpg,5000,200,Phantom Black,Green,Cream,Lavender,Graphite,6.8,Qualcomm SM8550-AC Snapdragon 8 Gen 2 (4 nm),Adreno 740,643,$,256GB 8GB RAM,https://www.amazon.com/dp/B0C544TBQM?tag=gsmarena093-20&linkCode=osi&th=1&psc=1,,phone,8
66f91f2af50d7cab4b2c39e3,https://www.gsmarena.com/samsung_galaxy_s24_fe-13262.php,Samsung Galaxy S24 FE,https://fdn2.gsmarena.com/vv/bigpic/samsung-galaxy-s24-fe-r1.jpg,4700,50,Blue,Graphite,Gray,Mint,Yellow,6.7,Exynos 2400e (4 nm),Xclipse 940,649.99,$,128GB 8GB RAM,https://www.samsung.com/us/mobile/phones/galaxy-s/galaxy-s24-fe-128gb-verizon-sm-s721uzkavzw/,8,phone,
66f91f2af50d7cab4b2c39fd,https://www.gsmarena.com/samsung_galaxy_xcover7-12784.php,Samsung Galaxy XCover7,https://fdn2.gsmarena.com/vv/bigpic/samsung-galaxy-xcover7.jpg,4050,50,Black,,,,,6.6,Mediatek Dimensity 6100+ (6 nm),Mali-G57 MC2,679,$,128GB 6GB RAM,https://www.amazon.com/dp/B0CS297MLL?tag=gsmarena093-20&linkCode=osi&th=1&psc=1,,phone,4
66f91f2af50d7cab4b2c3a7b,https://www.gsmarena.com/samsung_galaxy_note20_ultra_5g-10261.php,Samsung Galaxy Note20 Ultra 5G,https://fdn2.gsmarena.com/vv/bigpic/samsung-galaxy-note20-ultra-.jpg,4500,108,Mystic Bronze,Mystic Black,Mystic White,,,6.9,Exynos 990 (7 nm+) - GlobalQualcomm SM8250 Snapdragon 865 5G+ (7 nm+) - USA,Mali-G77 MP11 - GlobalAdreno 650 - USA,689,â‚¬,128GB 12GB RAM,https://www.amazon.de/dp/B08D6Q8VCR?tag=gsmarena0ca-21&linkCode=osi&th=1&psc=1,,phone,8
66f91f2af50d7cab4b2c3d3d,https://www.gsmarena.com/motorola_razr_2024-13214.php,Motorola razr 2024,https://fdn2.gsmarena.com/vv/bigpic/motorola-razr-50.jpg,4200,50,Koala Grey,Beach Sand,Spritz Orange,,,6.9,Mediatek Dimensity 7300X (4 nm),Mali-G615 MC2,699.99,$,256GB 8GB RAM,https://www.amazon.com/dp/B0D3JGGXBH?tag=gsmarena093-20&linkCode=osi&th=1&psc=1,8,phone,
66f91f2af50d7cab4b2c3ce5,https://www.gsmarena.com/apple_iphone_14_pro_max-11773.php,Apple iPhone 14 Pro Max,https://fdn2.gsmarena.com/vv/bigpic/apple-iphone-14-pro-max-.jpg,4323,48,Space Black,Silver,Gold,Deep Purple,,6.7,Apple A16 Bionic (4 nm),Apple GPU (5-core graphics),702.9,$,128GB 6GB RAM,https://www.amazon.com/dp/B0BN94DL3R?tag=gsmarena093-20&linkCode=osi&th=1&psc=1,6,phone,
66f91f2af50d7cab4b2c3e93,https://www.gsmarena.com/oneplus_nord_4-13200.php,OnePlus Nord 4,https://fdn2.gsmarena.com/vv/bigpic/oneplus-nord4.jpg,5500,50,Obsidian Midnight,Mercurial Silver,Oasis Green,,,6.74,Qualcomm SM7675 Snapdragon 7+ Gen 3 (4 nm),Adreno 732,705,$,256GB 12GB RAM,https://www.amazon.com/dp/B0D8LH33XB?tag=gsmarena093-20&linkCode=osi&th=1&psc=1,,phone,8
66f91f2af50d7cab4b2c3d3e,https://www.gsmarena.com/motorola_razr_50-13151.php,Motorola Razr 50,https://fdn2.gsmarena.com/vv/bigpic/motorola-razr-50.jpg,4200,50,Koala Grey (Steel Wool),Beach Sand (Pumice Stone),Spritz Orange (Arabesque),,,6.9,Mediatek Dimensity 7300X (4 nm),Mali-G615 MC2,770,Â£,256GB 8GB RAM,https://www.amazon.co.uk/dp/B0D5QYH47R?tag=gsmcom-21&linkCode=osi&th=1&psc=1,,phone,8
66f91f2af50d7cab4b2c3d69,https://www.gsmarena.com/motorola_thinkphone-12059.php,Motorola ThinkPhone,https://fdn2.gsmarena.com/vv/bigpic/motorola-thinkphone.jpg,5000,50,Carbon Black,,,,,6.6,Qualcomm SM8475 Snapdragon 8+ Gen 1 (4 nm),Adreno 730,775,$,256GB 8GB RAM,https://www.amazon.com/dp/B0C6BVMJFD?tag=gsmarena093-20&linkCode=osi&th=1&psc=1,,phone,8
66f91f2af50d7cab4b2c3d45,https://www.gsmarena.com/motorola_edge_50_ultra-12919.php,Motorola Edge 50 Ultra,https://fdn2.gsmarena.com/vv/bigpic/motorola-edge-50-ultra.jpg,4500,50,Forest Grey,Nordic Wood,Peach Fuzz,,,6.7,Qualcomm SM8635 Snapdragon 8s Gen 3 (4 nm),Adreno 735,782.68,Â£,1TB 16GB RAM,https://www.amazon.co.uk/dp/B0CZB7BVSL?tag=gsmcom-21&linkCode=osi&th=1&psc=1,,phone,12
66f91f2af50d7cab4b2c3cdc,https://www.gsmarena.com/apple_iphone_15_pro-12557.php,Apple iPhone 15 Pro,https://fdn2.gsmarena.com/vv/bigpic/apple-iphone-15-pro.jpg,3274,48,Black Titanium,White Titanium,Blue Titanium,Natural Titanium,,6.1,Apple A17 Pro (3 nm),Apple GPU (6-core graphics),793.99,$,128GB 8GB RAM,https://www.amazon.com/dp/B0CMZCGQDK?tag=gsmarena093-20&linkCode=osi&th=1&psc=1,8,phone,
66f91f2af50d7cab4b2c3ea0,https://www.gsmarena.com/oneplus_12-12725.php,OnePlus 12,https://fdn2.gsmarena.com/vv/bigpic/oneplus-12.jpg,5400,50,Flowy Emerald,Silky Black,Silver (Glacial White),,,6.82,Qualcomm SM8650-AB Snapdragon 8 Gen 3 (4 nm),Adreno 750,799.99,$,256GB 12GB RAM,https://www.amazon.com/dp/B0CQ5MYYZL?tag=gsmarena093-20&linkCode=osi&th=1&psc=1,,phone,12
66f91f2af50d7cab4b2c3cdb,https://www.gsmarena.com/apple_iphone_15_pro_max-12548.php,Apple iPhone 15 Pro Max,https://fdn2.gsmarena.com/vv/bigpic/apple-iphone-15-pro-max.jpg,4441,48,Black Titanium,White Titanium,Blue Titanium,Natural Titanium,,6.7,Apple A17 Pro (3 nm),Apple GPU (6-core graphics),808.9,$,256GB 8GB RAM,https://www.amazon.com/dp/B0CMZBY426?tag=gsmarena093-20&linkCode=osi&th=1&psc=1,8,phone,
66f91f2af50d7cab4b2c3d3b,https://www.gsmarena.com/motorola_razr+_2024-13213.php,Motorola razr+ 2024,https://fdn2.gsmarena.com/vv/bigpic/motorola-razr-plus-2024.jpg,4000,50,Midnight Blue,Hot Pink,Spring Green,Peach Fuzz,,6.9,Qualcomm SM8635 Snapdragon 8s Gen 3 (4 nm),Adreno 735,809.95,$,256GB 12GB RAM,https://www.amazon.com/dp/B0DG9PBM6H?tag=gsmarena093-20&linkCode=osi&th=1&psc=1,12,phone,
66f91f2af50d7cab4b2c3cd4,https://www.gsmarena.com/apple_iphone_16-13317.php,Apple iPhone 16,https://fdn2.gsmarena.com/vv/bigpic/apple-iphone-16.jpg,3561,48,Black,White,Pink,Teal,Ultramarine,6.1,Apple A18 (3 nm),Apple GPU (5-core graphics),829.99,$,128GB 8GB RAM,https://bestbuy.7tiv.net/c/376373/633495/10014?prodsku=6418080&u=http%3A%2F%2Fwww.bestbuy.com%2Fsite%2F-%2F6418080.p%3Fcmp%3DRMX,8,phone,
66f91f2af50d7cab4b2c3d3c,https://www.gsmarena.com/motorola_razr_50_ultra-13150.php,Motorola Razr 50 Ultra,https://fdn2.gsmarena.com/vv/bigpic/motorola-razr-50-ultra.jpg,4000,50,Spring Green (Dill),Midnight Blue (Navy Blazer),Peach Fuzz,,,6.9,Qualcomm SM8635 Snapdragon 8s Gen 3 (4 nm),Adreno 735,843.15,Â£,512GB 12GB RAM,https://www.amazon.co.uk/dp/B0D5QWJ7NC?tag=gsmcom-21&linkCode=osi&th=1&psc=1,,phone,8
66f91f2af50d7cab4b2c3a25,https://www.gsmarena.com/samsung_galaxy_z_fold4-11737.php,Samsung Galaxy Z Fold4,https://fdn2.gsmarena.com/vv/bigpic/samsung-galaxy-z-fold4.jpg,4400,50,Graygreen,Phantom Black,Beige,Burgundy,,7.6,Qualcomm SM8475 Snapdragon 8+ Gen 1 (4 nm),Adreno 730,848,$,256GB 12GB RAM,https://www.amazon.com/dp/B0BC6SL1J4?tag=gsmarena093-20&linkCode=osi&th=1&psc=1,12,phone,
66f91f2af50d7cab4b2c39fa,https://www.gsmarena.com/samsung_galaxy_s24_ultra-12771.php,Samsung Galaxy S24 Ultra,https://fdn2.gsmarena.com/vv/bigpic/samsung-galaxy-s24-ultra-5g-sm-s928-stylus.jpg,5000,200,Titanium Black,Titanium Gray,Titanium Violet,Titanium Yellow,Titanium Blue,6.8,Qualcomm SM8650-AC Snapdragon 8 Gen 3 (4 nm),Adreno 750 (1 GHz),848.73,$,256GB 12GB RAM,https://www.amazon.com/dp/B0D362HGNP?tag=gsmarena093-20&linkCode=osi&th=1&psc=1,12,phone,
66f91f2af50d7cab4b2c3cd3,https://www.gsmarena.com/apple_iphone_16_plus-13316.php,Apple iPhone 16 Plus,https://fdn2.gsmarena.com/vv/bigpic/apple-iphone-16-plus.jpg,4674,48,Black,White,Pink,Teal,Ultramarine,6.7,Apple A18 (3 nm),Apple GPU (5-core graphics),929.99,$,128GB 8GB RAM,https://bestbuy.7tiv.net/c/376373/633495/10014?prodsku=6525443&u=http%3A%2F%2Fwww.bestbuy.com%2Fsite%2F-%2F6525443.p%3Fcmp%3DRMX,8,phone,
66f91f2af50d7cab4b2c3d70,https://www.gsmarena.com/motorola_edge_30_ultra-11206.php,Motorola Edge 30 Ultra,https://fdn2.gsmarena.com/vv/bigpic/motorola-edge30-ultra.jpg,4610,200,Interstellar Black,Starlight White,,,,6.67,Qualcomm SM8475 Snapdragon 8+ Gen 1 (4 nm),Adreno 730,990,$,128GB 8GB RAM,https://www.amazon.com/dp/B0BNL3PPLK?tag=gsmarena093-20&linkCode=osi&th=1&psc=1,,phone,8
66f91f2af50d7cab4b2c3d87,https://www.gsmarena.com/motorola_edge_30_pro-11320.php,Motorola Edge 30 Pro,https://fdn2.gsmarena.com/vv/bigpic/motorola-edge-30-pro.jpg,4800,50,Cosmos Blue,Stardust White,,,,6.7,Qualcomm SM8450 Snapdragon 8 Gen 1 (4 nm),Adreno 730,999,$,256GB 12GB RAM,https://www.amazon.com/dp/B08G7B8V2R?tag=gsmarena093-20&linkCode=osi&th=1&psc=1,,phone,8
66f91f2af50d7cab4b2c3cd2,https://www.gsmarena.com/apple_iphone_16_pro-13315.php,Apple iPhone 16 Pro,https://fdn2.gsmarena.com/vv/bigpic/apple-iphone-16-pro.jpg,3582,48,Black Titanium,White Titanium,Natural Titanium,Desert Titanium,,6.3,Apple A18 Pro (3 nm),Apple GPU (6-core graphics),999.99,$,128GB 8GB RAM,https://bestbuy.7tiv.net/c/376373/633495/10014?prodsku=6443355&u=http%3A%2F%2Fwww.bestbuy.com%2Fsite%2F-%2F6443355.p%3Fcmp%3DRMX,8,phone,
66f91f2af50d7cab4b2c39ec,https://www.gsmarena.com/samsung_galaxy_z_flip6-13192.php,Samsung Galaxy Z Flip6,https://fdn2.gsmarena.com/vv/bigpic/samsung-galaxy-z-flip6.jpg,4000,50,Yellow,Silver Shadow,Mint,Blue,Black,6.7,Qualcomm SM8650-AC Snapdragon 8 Gen 3 (4 nm),Adreno 750 (1 GHz),1099.99,$,256GB 12GB RAM,https://www.samsung.com/us/smartphones/galaxy-z-flip6/buy/galaxy-z-flip6-256gb-unlocked-sm-f741uzsaxaa,12,phone,
66f91f2af50d7cab4b2c3d78,https://www.gsmarena.com/motorola_razr_2022-11752.php,Motorola Razr 2022,https://fdn2.gsmarena.com/vv/bigpic/motorola-moto-razr-2022-1.jpg,3500,50,Satin Black,,,,,6.7,Qualcomm SM8475 Snapdragon 8+ Gen 1 (4 nm),Adreno 730,1125,C$,256GB 8GB RAM,https://www.amazon.ca/dp/B0BCKDJRJ7?tag=gsmarena0f3-20&linkCode=osi&th=1&psc=1,,phone,8
66f91f2af50d7cab4b2c3cd1,https://www.gsmarena.com/apple_iphone_16_pro_max-13123.php,Apple iPhone 16 Pro Max,https://fdn2.gsmarena.com/vv/bigpic/apple-iphone-16-pro-max.jpg,4685,48,Black Titanium,White Titanium,Natural Titanium,Desert Titanium,,6.9,Apple A18 Pro (3 nm),Apple GPU (6-core graphics),1199.99,$,256GB 8GB RAM,https://bestbuy.7tiv.net/c/376373/633495/10014?prodsku=6443486&u=http%3A%2F%2Fwww.bestbuy.com%2Fsite%2F-%2F6443486.p%3Fcmp%3DRMX,8,phone,
66f91f2af50d7cab4b2c3ea2,https://www.gsmarena.com/oneplus_open-12619.php,OnePlus Open,https://fdn2.gsmarena.com/vv/bigpic/oneplus-open-10.jpg,4805,64,Emerald Dusk,Voyager Black,Apex Edition,,,7.82,Qualcomm SM8550-AB Snapdragon 8 Gen 2 (4 nm),Adreno 740,1199.99,$,512GB 16GB RAM,https://www.amazon.com/dp/B0CPGTN1RC?tag=gsmarena093-20&linkCode=osi&th=1&psc=1,16,phone,
66f91f2af50d7cab4b2c3a0a,https://www.gsmarena.com/samsung_galaxy_z_fold5-12418.php,Samsung Galaxy Z Fold5,https://fdn2.gsmarena.com/vv/bigpic/samsung-galaxy-z-fold5-5g.jpg,4400,50,Icy Blue,Phantom Black,Cream,Gray,Blue,7.6,Qualcomm SM8550-AC Snapdragon 8 Gen 2 (4 nm),Adreno 740,1399,$,256GB 12GB RAM,https://www.amazon.com/dp/B0C63H2MDL?tag=gsmarena093-20&linkCode=osi&th=1&psc=1,12,phone,
66f91f2af50d7cab4b2c3d62,https://www.gsmarena.com/motorola_edge_40_pro-12127.php,Motorola Edge 40 Pro,https://fdn2.gsmarena.com/vv/bigpic/motorola-edge-40-pro.jpg,4600,50,Interstellar Black,Lunar Blue,,,,6.67,Qualcomm SM8550-AB Snapdragon 8 Gen 2 (4 nm),Adreno 740,1425,$,256GB 12GB RAM,https://www.amazon.com/dp/B0BXFKD5GP?tag=gsmarena093-20&linkCode=osi&th=1&psc=1,,phone,8
66f91f2af50d7cab4b2c39eb,https://www.gsmarena.com/samsung_galaxy_z_fold6-13147.php,Samsung Galaxy Z Fold6,https://fdn2.gsmarena.com/vv/bigpic/samsung-galaxy-z-fold6.jpg,4400,50,Navy,Silver Shadow,Pink,Black,White,7.6,Qualcomm SM8650-AC Snapdragon 8 Gen 3 (4 nm),Adreno 750 (1 GHz),1899.99,$,256GB 12GB RAM,https://www.samsung.com/us/smartphones/galaxy-z-fold6/buy/galaxy-z-fold6-256gb-uscellular-sm-f956uzsausc,12,phone,
66f91f2af50d7cab4b2c39e8,https://www.gsmarena.com/samsung_galaxy_m05-13327.php,Samsung Galaxy M05,https://fdn2.gsmarena.com/vv/bigpic/samsung-galaxy-m05.jpg,5000,50,Mint Green,,,,,6.7,Mediatek Helio G85 (12 nm),Mali-G52 MC2,6499,â‚¹,64GB 4GB RAM,https://www.amazon.in/dp/B0DFY3XCB6?tag=gsmcom05-21&linkCode=osi&th=1&psc=1,4,phone,
66f91f2af50d7cab4b2c3a1e,https://www.gsmarena.com/samsung_galaxy_f04-12054.php,Samsung Galaxy F04,https://fdn2.gsmarena.com/vv/bigpic/samsung-galaxy-f04-new.jpg,5000,13,Jade Purple,Opal Green,,,,6.5,Mediatek MT6765 Helio P35 (12 nm),PowerVR GE8320,7299,â‚¹,64GB 4GB RAM,https://www.amazon.in/dp/B0BZYW3LXH?tag=gsmcom05-21&linkCode=osi&th=1&psc=1,4,phone,
66f91f2af50d7cab4b2c3a18,https://www.gsmarena.com/samsung_galaxy_m14-12160.php,Samsung Galaxy M14,https://fdn2.gsmarena.com/vv/bigpic/samsung-galaxy-m14-5g-sm-m146.jpg,6000,50,Navy Blue,Light Blue,Silver,,,6.6,Exynos 1330 (5 nm),Mali-G68 MP2,7489,â‚¹,64GB 4GB RAM,https://www.amazon.in/dp/B0D84975VX?tag=gsmcom05-21&linkCode=osi&th=1&psc=1,,phone,4
66f91f2af50d7cab4b2c3a2e,https://www.gsmarena.com/samsung_galaxy_f13-11624.php,Samsung Galaxy F13,https://fdn2.gsmarena.com/vv/bigpic/samsung-galaxy-f13.jpg,6000,50,Waterfall Blue,Sunrise Copper,Nightsky Green,,,6.6,Exynos 850 (8 nm),Mali-G52,7979,â‚¹,64GB 4GB RAM,https://www.amazon.in/dp/B0BH91G6VP?tag=gsmcom05-21&linkCode=osi&th=1&psc=1,,phone,4
66f91f2af50d7cab4b2c3a1f,https://www.gsmarena.com/samsung_galaxy_m04-12022.php,Samsung Galaxy M04,https://fdn2.gsmarena.com/vv/bigpic/samsung-galaxy-m04-.jpg,5000,13,Sea Glass Green,Shadow Blue,,,,6.5,Mediatek MT6765 Helio P35 (12 nm),PowerVR GE8320,7999,â‚¹,64GB 4GB RAM,https://www.amazon.in/dp/B0BMGB2TPR?tag=gsmcom05-21&linkCode=osi&th=1&psc=1,4,phone,
66f91f2af50d7cab4b2c39ea,https://www.gsmarena.com/samsung_galaxy_f14_4g-13247.php,Samsung Galaxy F14 4G,https://fdn2.gsmarena.com/vv/bigpic/samsung-galaxy-f14-4g.jpg,5000,50,Moonlight Silver,Peppermint Green,,,,6.7,Qualcomm SM6225 Snapdragon 680 4G (6 nm),Adreno 610,8140,â‚¹,64GB 4GB RAM,https://www.amazon.in/dp/B0DBYYQY2Y?tag=gsmcom05-21&linkCode=osi&th=1&psc=1,4,phone,
66f91f2af50d7cab4b2c39f8,https://www.gsmarena.com/samsung_galaxy_m14_4g-12862.php,Samsung Galaxy M14 4G,https://fdn2.gsmarena.com/vv/bigpic/samsung-galaxy-m14-4g.jpg,5000,50,Arctic Blue,Sapphire Blue,,,,6.7,Qualcomm SM6225 Snapdragon 680 4G (6 nm),Adreno 610,8225,â‚¹,64GB 4GB RAM,https://www.amazon.in/dp/B0CV78R7FL?tag=gsmcom05-21&linkCode=osi&th=1&psc=1,,phone,4
66f91f2af50d7cab4b2c3a2a,https://www.gsmarena.com/samsung_galaxy_m13_5g-11633.php,Samsung Galaxy M13 5G,https://fdn2.gsmarena.com/vv/bigpic/samsung-galaxy-m13-5g.jpg,5000,50,Midnight Blue,Aqua Green,Stardust Brown,,,6.5,Mediatek Dimensity 700 (7 nm),Mali-G57 MC2,9999,â‚¹,64GB 4GB RAM,https://www.amazon.in/dp/B0BGBDV5ZV?tag=gsmcom05-21&linkCode=osi&th=1&psc=1,,phone,4
66f91f2af50d7cab4b2c3a2b,https://www.gsmarena.com/samsung_galaxy_m13_(india)-11654.php,Samsung Galaxy M13 (India),https://fdn2.gsmarena.com/vv/bigpic/samsung-galaxy-m13-4g-india.jpg,6000,50,Midnight Blue,Aqua Green,Stardust Brown,,,6.6,Exynos 850 (8 nm),Mali-G52,9999,â‚¹,64GB 4GB RAM,https://www.amazon.in/dp/B0BGBF2P28?tag=gsmcom05-21&linkCode=osi&th=1&psc=1,,phone,4
66f91f2af50d7cab4b2c39f9,https://www.gsmarena.com/samsung_galaxy_f15-12831.php,Samsung Galaxy F15,https://fdn2.gsmarena.com/vv/bigpic/samsung-galaxy-f15-5g.jpg,6000,50,Ash Black,Groovy Violet,Jazzy Green,,,6.6,Mediatek Dimensity 6100+ (6 nm),Mali-G57 MC2,12330,â‚¹,128GB 4GB RAM,https://www.amazon.in/dp/B0CY9PCY2B?tag=gsmcom05-21&linkCode=osi&th=1&psc=1,,phone,4
66f91f2af50d7cab4b2c3d39,https://www.gsmarena.com/motorola_moto_g45-13267.php,Motorola Moto G45,https://fdn2.gsmarena.com/vv/bigpic/motorola-moto-g45-5g.jpg,5000,50,Brilliant Blue,Brilliant Green,Viva Magenta,,,6.5,Qualcomm SM6375 Snapdragon 6s Gen 3 (6 nm),Adreno 619,13150,â‚¹,128GB 8GB RAM,https://www.amazon.in/dp/B0DDY9HMJG?tag=gsmcom05-21&linkCode=osi&th=1&psc=1,,phone,4
66f91f2af50d7cab4b2c3a14,https://www.gsmarena.com/samsung_galaxy_f14-12175.php,Samsung Galaxy F14,https://fdn2.gsmarena.com/vv/bigpic/samsung-galaxy-f14.jpg,6000,50,Black,Green,Purple,,,6.6,Exynos 1330 (5 nm),Mali-G68 MP2,13349,â‚¹,128GB 6GB RAM,https://www.amazon.in/dp/B0C9JHJ9B2?tag=gsmcom05-21&linkCode=osi&th=1&psc=1,,phone,4
66f91f2af50d7cab4b2c3d48,https://www.gsmarena.com/motorola_moto_g64-12925.php,Motorola Moto G64,https://fdn2.gsmarena.com/vv/bigpic/motorola-moto-g64.jpg,6000,50,Mint Green,Pearl Blue,Ice Lilac,,,6.5,Mediatek Dimensity 7025 (6 nm),IMG BXM-8-256,13990,â‚¹,128GB 8GB RAM,https://www.amazon.in/dp/B0DD1MT7D7?tag=gsmcom05-21&linkCode=osi&th=1&psc=1,,phone,8
66f91f2af50d7cab4b2c3a36,https://www.gsmarena.com/samsung_galaxy_f23-11406.php,Samsung Galaxy F23,https://fdn2.gsmarena.com/vv/bigpic/samsung-galaxy-m23.jpg,5000,50,Aqua Blue,Forest Green,,,,6.6,Qualcomm SM7225 Snapdragon 750G 5G (8 nm),Adreno 619,14990,â‚¹,128GB 4GB RAM,https://www.amazon.in/dp/B0C4TY9TV3?tag=gsmcom05-21&linkCode=osi&th=1&psc=1,,phone,4
66f91f2af50d7cab4b2c39f0,https://www.gsmarena.com/samsung_galaxy_m35-13006.php,Samsung Galaxy M35,https://fdn2.gsmarena.com/vv/bigpic/samsung-galaxy-m35-.jpg,6000,50,Dark Blue,Light Blue,Gray,,,6.6,Exynos 1380 (5 nm),Mali-G68 MP5,14999,â‚¹,128GB 6GB RAM,https://www.amazon.in/dp/B0D7Z8CJP8?tag=gsmcom05-21&linkCode=osi&th=1&psc=1,,phone,6
66f91f2af50d7cab4b2c3ea5,https://www.gsmarena.com/oneplus_nord_ce3-11977.php,OnePlus Nord CE3,https://fdn2.gsmarena.com/vv/bigpic/oneplus-nord-ce3-5g.jpg,5000,50,Aqua Surge,Gray Shimmer,,,,6.7,Qualcomm Snapdragon 782G (6 nm),Adreno 642L,16999,â‚¹,128GB 8GB RAM,https://www.amazon.in/dp/B0C9QS5G2R?tag=gsmcom05-21&linkCode=osi&th=1&psc=1,,phone,8
66f91f2af50d7cab4b2c39f1,https://www.gsmarena.com/samsung_galaxy_f55-12885.php,Samsung Galaxy F55,https://fdn2.gsmarena.com/vv/bigpic/samsung-galaxy-f55.jpg,5000,50,Black,Apricot,,,,6.7,Qualcomm SM7450-AB Snapdragon 7 Gen 1 (4 nm),Adreno 644,19643,â‚¹,128GB 8GB RAM,https://www.amazon.in/dp/B0D5VMSM5D?tag=gsmcom05-21&linkCode=osi&th=1&psc=1,,phone,8
66f91f2af50d7cab4b2c3e9a,https://www.gsmarena.com/oneplus_nord_ce4_lite_(india)-13155.php,OnePlus Nord CE4 Lite (India),https://fdn2.gsmarena.com/vv/bigpic/oneplus-nord-ce4-lite-.jpg,5500,50,Super Silver,Mega Blue,Ultra Orange,,,6.67,Qualcomm SM6375 Snapdragon 695 5G (6 nm),Adreno 619,19998,â‚¹,128GB 8GB RAM,https://www.amazon.in/dp/B0D5YFZ946?tag=gsmcom05-21&linkCode=osi&th=1&psc=1,8,phone,
66f91f2af50d7cab4b2c39e6,https://www.gsmarena.com/samsung_galaxy_m55s-13354.php,Samsung Galaxy M55s,https://fdn2.gsmarena.com/vv/bigpic/samsung-galaxy-m55s.jpg,5000,50,Thunder Black,Coral Green,,,,6.7,Qualcomm SM7450-AB Snapdragon 7 Gen 1 (4 nm),Adreno 644,19999,â‚¹,128GB 8GB RAM,https://www.amazon.in/dp/B0DG2D3Z91?tag=gsmcom05-21&linkCode=osi&th=1&psc=1,8,phone,
66f91f2af50d7cab4b2c3eb7,https://www.gsmarena.com/oneplus_10r-11445.php,OnePlus 10R,https://fdn2.gsmarena.com/vv/bigpic/oneplus-10r.jpg,5000,50,Sierra Black,Forest Green,Prime Blue,,,6.7,Mediatek Dimensity 8100 Max (5 nm),Mali-G610 MC6,22499,â‚¹,128GB 8GB RAM,https://www.amazon.in/dp/B0BS9MG3DW?tag=gsmcom05-21&linkCode=osi&th=1&psc=1,,phone,8
66f91f2af50d7cab4b2c3a12,https://www.gsmarena.com/samsung_galaxy_f54-12239.php,Samsung Galaxy F54,https://fdn2.gsmarena.com/vv/bigpic/samsung-galaxy-f54-5g.jpg,6000,108,Meteor Blue,Stardust Silver,,,,6.7,Exynos 1380 (5 nm),Mali-G68 MP5,22981,â‚¹,256GB 8GB RAM,https://www.amazon.in/dp/B0CCMVQZM3?tag=gsmcom05-21&linkCode=osi&th=1&psc=1,8,phone,
66f91f2af50d7cab4b2c3e9c,https://www.gsmarena.com/oneplus_nord_ce4-12892.php,OnePlus Nord CE4,https://fdn2.gsmarena.com/vv/bigpic/oneplus-nord-ce4-.jpg,5500,50,Celadon Marble,Dark Chrome,,,,6.7,Qualcomm SM7550-AB Snapdragon 7 Gen 3 (4 nm),Adreno 720,23499,â‚¹,128GB 8GB RAM,https://www.amazon.in/dp/B0CX59H5W7?tag=gsmcom05-21&linkCode=osi&th=1&psc=1,8,phone,
66f91f2af50d7cab4b2c3d3a,https://www.gsmarena.com/motorola_edge_50-13231.php,Motorola Edge 50,https://fdn2.gsmarena.com/vv/bigpic/motorola-edge-50-5g.jpg,5000,50,Koala Gray,Jungle Green,Peach Fuzz,,,6.7,Qualcomm SM7450-AB Snapdragon 7 Gen 1 AE (4 nm),Adreno 644,26999,â‚¹,256GB 8GB RAM,https://www.amazon.in/dp/B0DCHRSF9J?tag=gsmcom05-21&linkCode=osi&th=1&psc=1,,phone,8
66f91f2af50d7cab4b2c3eab,https://www.gsmarena.com/oneplus_11r-11915.php,OnePlus 11R,https://fdn2.gsmarena.com/vv/bigpic/oneplus-ace2.jpg,5000,50,Galactic Silver,Sonic Black,Solar Red,,,6.74,Qualcomm SM8475 Snapdragon 8+ Gen 1 (4 nm),Adreno 730,27997,â‚¹,128GB 8GB RAM,https://www.amazon.in/dp/B0BSNQ2KXF?tag=gsmcom05-21&linkCode=osi&th=1&psc=1,,phone,8
66f91f2af50d7cab4b2c3e30,https://www.gsmarena.com/motorola_atrix_tv_xt687-4921.php,Motorola ATRIX TV XT687,https://fdn2.gsmarena.com/vv/bigpic/motorola-atrix-tv-xt687.jpg,NaN,8,Dark Grey,,,,,4,Qualcomm MSM7227A-AA Snapdragon S1,Adreno 200,,,,,512,phone,
66f91f2af50d7cab4b2c3e3b,https://www.gsmarena.com/motorola_xt390-4696.php,Motorola XT390,https://fdn2.gsmarena.com/vv/bigpic/motorola-xt390.jpg,NaN,3,Champagne,truffle black,,,,3.5,Mediatek MT6573 (65 nm),PowerVR SGX531,,,,,512,phone,
66f91f2af50d7cab4b2c3e42,https://www.gsmarena.com/motorola_motoluxe_xt389-4848.php,Motorola Motoluxe XT389,https://fdn2.gsmarena.com/vv/bigpic/motorola-motoluxe-xt389.jpg,NaN,3,White,Black,,,,3.5,Mediatek MT6573 (65 nm),PowerVR SGX531,,,,,512,phone,
66f91f2af50d7cab4b2c3e55,https://www.gsmarena.com/motorola_xoom_media_edition_mz505-4307.php,Motorola XOOM Media Edition MZ505,https://fdn2.gsmarena.com/vv/bigpic/motorola-xoom-media-edition-mz505.jpg,NaN,5,Black,,,,,10.1,Nvidia Tegra 2 T20,ULP GeForce,,,,,1,phone,
66f91f2af50d7cab4b2c3e5a,https://www.gsmarena.com/motorola_me632-4272.php,Motorola ME632,https://fdn2.gsmarena.com/vv/bigpic/motorola-me632.jpg,NaN,5,Black,,,,,3.1,,,,,,,512,phone,
66f91f2af50d7cab4b2c3e75,https://www.gsmarena.com/motorola_xoom_mz604-3833.php,Motorola XOOM MZ604,https://fdn2.gsmarena.com/vv/bigpic/motorola-xoom.jpg,NaN,5,Black,,,,,10.1,Nvidia Tegra 2 T20,ULP GeForce,,,,,1,phone,
66f91f2af50d7cab4b2c3e76,https://www.gsmarena.com/motorola_xoom_mz601-3834.php,Motorola XOOM MZ601,https://fdn2.gsmarena.com/vv/bigpic/motorola-xoom.jpg,NaN,5,Black,,,,,10.1,Nvidia Tegra 2 T20,ULP GeForce,,,,,1,phone,
66f91f2af50d7cab4b2c3e77,https://www.gsmarena.com/motorola_xoom_mz600-3832.php,Motorola XOOM MZ600,https://fdn2.gsmarena.com/vv/bigpic/motorola-xoom.jpg,NaN,5,Black,,,,,10.1,Nvidia Tegra 2 T20,ULP GeForce,,,,,1,phone,
